股票代號,股票名稱,掃描時間,是否符合,最新價位,最近一日交易量,勝率最高方案,交易次數,勝率,平均投資報酬率,最高投資報酬率,最低投資報酬率,標準差,進場Key,出場Key
1104,環泥,2026-06-10 23:13:37,False,,,,,,,,,,,
1102,亞泥,2026-06-10 23:13:37,False,,,,,,,,,,,
1203,味王,2026-06-10 23:13:37,False,,,,,,,,,,,
1103,嘉泥,2026-06-10 23:13:37,False,,,,,,,,,,,
1210,大成,2026-06-10 23:13:37,False,,,,,,,,,,,
1110,東泥,2026-06-10 23:13:37,False,,,,,,,,,,,
1108,幸福,2026-06-10 23:13:37,False,,,,,,,,,,,
1109,信大,2026-06-10 23:13:37,False,,,,,,,,,,,
1101,台泥,2026-06-10 23:13:37,False,,,,,,,,,,,
1218,泰山,2026-06-10 23:13:38,False,,,,,,,,,,,
1220,台榮,2026-06-10 23:13:38,False,,,,,,,,,,,
1217,愛之味,2026-06-10 23:13:38,False,,,,,,,,,,,
1215,卜蜂,2026-06-10 23:13:38,False,,,,,,,,,,,
1219,福壽,2026-06-10 23:13:38,False,,,,,,,,,,,
1227,佳格,2026-06-10 23:13:38,False,,,,,,,,,,,
1213,大飲,2026-06-10 23:13:38,False,,,,,,,,,,,
1216,統一,2026-06-10 23:13:38,False,,,,,,,,,,,
1225,福懋油,2026-06-10 23:13:38,False,,,,,,,,,,,
1201,味全,2026-06-10 23:13:37,False,,,,,,,,,,,
1236,宏亞,2026-06-10 23:13:38,False,,,,,,,,,,,
1232,大統益,2026-06-10 23:13:38,False,,,,,,,,,,,
1233,天仁,2026-06-10 23:13:38,False,,,,,,,,,,,
1231,聯華食,2026-06-10 23:13:38,False,,,,,,,,,,,
1234,黑松,2026-06-10 23:13:38,False,,,,,,,,,,,
1229,聯華,2026-06-10 23:13:38,False,,,,,,,,,,,
1235,興泰,2026-06-10 23:13:38,False,,,,,,,,,,,
1256,鮮活果汁-KY,2026-06-10 23:13:38,False,,,,,,,,,,,
1303,南亞,2026-06-10 23:13:38,True,94.6,26122 張,[進] 60分K之KD且RSI<20 且 站上60T進場；[出] 布林通道觸頂出場,7.0,85.7%,2.19%,7.88%,-5.83%,4.34,站上60T進場,布林通道觸頂出場
1301,台塑,2026-06-10 23:13:38,False,,,,,,,,,,,
1310,台苯,2026-06-10 23:13:38,False,,,,,,,,,,,
1315,達新,2026-06-10 23:13:39,False,,,,,,,,,,,
1307,三芳,2026-06-10 23:13:38,False,,,,,,,,,,,
1314,中石化,2026-06-10 23:13:39,False,,,,,,,,,,,
1309,台達化,2026-06-10 23:13:38,False,,,,,,,,,,,
1305,華夏,2026-06-10 23:13:38,False,,,,,,,,,,,
1304,台聚,2026-06-10 23:13:38,False,,,,,,,,,,,
1313,聯成,2026-06-10 23:13:38,False,,,,,,,,,,,
1308,亞聚,2026-06-10 23:13:38,False,,,,,,,,,,,
1316,上曜,2026-06-10 23:13:39,False,,,,,,,,,,,
1319,東陽,2026-06-10 23:13:39,False,,,,,,,,,,,
1324,地球,2026-06-10 23:13:39,False,,,,,,,,,,,
1337,再生-KY,2026-06-10 23:13:39,False,,,,,,,,,,,
1325,恆大,2026-06-10 23:13:39,False,,,,,,,,,,,
1338,廣華-KY,2026-06-10 23:13:39,False,,,,,,,,,,,
1326,台化,2026-06-10 23:13:39,True,46.15,17707 張,[進] 60分K之KD且RSI<20 且 站上60T進場；[出] 碰觸20T(布林中線)以上出場,8.0,87.5%,1.53%,8.85%,-1.93%,3.15,站上60T進場,碰觸20T(布林中線)以上出場
1323,永裕,2026-06-10 23:13:39,False,,,,,,,,,,,
1321,大洋,2026-06-10 23:13:39,False,,,,,,,,,,,
1414,東和,2026-06-10 23:13:39,False,,,,,,,,,,,
1410,南染,2026-06-10 23:13:39,False,,,,,,,,,,,
1341,富林-KY,2026-06-10 23:13:39,False,,,,,,,,,,,
1402,遠東新,2026-06-10 23:13:39,False,,,,,,,,,,,
1340,勝悅-KY,2026-06-10 23:13:39,False,,,,,,,,,,,
1409,新纖,2026-06-10 23:13:39,False,,,,,,,,,,,
1413,宏洲,2026-06-10 23:13:39,False,,,,,,,,,,,
1342,八貫,2026-06-10 23:13:39,False,,,,,,,,,,,
1339,昭輝,2026-06-10 23:13:39,False,,,,,,,,,,,
1418,東華,2026-06-10 23:13:39,False,,,,,,,,,,,
1417,嘉裕,2026-06-10 23:13:39,False,,,,,,,,,,,
1312,國喬,2026-06-10 23:13:38,True,13.3,9042 張,[進] 60分K之KD且RSI<20 且 站上60T進場；[出] 布林通道觸頂出場,6.0,83.3%,3.17%,7.31%,-7.16%,5.45,站上60T進場,布林通道觸頂出場
1416,廣豐,2026-06-10 23:13:39,False,,,,,,,,,,,
1435,中福,2026-06-10 23:13:39,False,,,,,,,,,,,
1439,雋揚,2026-06-10 23:13:40,False,,,,,,,,,,,
1419,新紡,2026-06-10 23:13:39,False,,,,,,,,,,,
1437,勤益控,2026-06-10 23:13:39,False,,,,,,,,,,,
1438,三地開發,2026-06-10 23:13:40,False,,,,,,,,,,,
1432,大魯閣,2026-06-10 23:13:39,False,,,,,,,,,,,
1440,南紡,2026-06-10 23:13:40,False,,,,,,,,,,,
1423,利華,2026-06-10 23:13:39,False,,,,,,,,,,,
1441,大東,2026-06-10 23:13:40,False,,,,,,,,,,,
1434,福懋,2026-06-10 23:13:39,False,,,,,,,,,,,
1436,華友聯,2026-06-10 23:13:39,False,,,,,,,,,,,
1442,名軒,2026-06-10 23:13:40,False,,,,,,,,,,,
1443,立益物流,2026-06-10 23:13:40,False,,,,,,,,,,,
1444,力麗,2026-06-10 23:13:40,False,,,,,,,,,,,
1445,大宇,2026-06-10 23:13:40,False,,,,,,,,,,,
1447,力鵬,2026-06-10 23:13:40,False,,,,,,,,,,,
1446,宏和,2026-06-10 23:13:40,False,,,,,,,,,,,
1451,年興,2026-06-10 23:13:40,False,,,,,,,,,,,
1452,宏益,2026-06-10 23:13:40,False,,,,,,,,,,,
1449,佳和,2026-06-10 23:13:40,True,14.8,15482 張,[進] 60分K之KD且RSI<20 且 站上60T進場；[出] 碰觸20T(布林中線)以上出場,6.0,100.0%,3.33%,5.53%,1.4%,1.63,站上60T進場,碰觸20T(布林中線)以上出場
1460,宏遠,2026-06-10 23:13:41,False,,,,,,,,,,,
1454,台富,2026-06-10 23:13:40,False,,,,,,,,,,,
1464,得力,2026-06-10 23:13:41,False,,,,,,,,,,,
1453,大將,2026-06-10 23:13:40,False,,,,,,,,,,,
1457,宜進,2026-06-10 23:13:41,False,,,,,,,,,,,
1463,強盛新,2026-06-10 23:13:41,False,,,,,,,,,,,
1455,集盛,2026-06-10 23:13:41,False,,,,,,,,,,,
1456,怡華,2026-06-10 23:13:41,False,,,,,,,,,,,
1459,聯發,2026-06-10 23:13:41,True,11.6,61 張,[進] 60分K之KD且RSI<20 且 直接進場；[出] 布林通道觸頂出場,21.0,76.2%,2.58%,11.46%,-5.15%,4.23,直接進場,布林通道觸頂出場
1465,偉全,2026-06-10 23:13:41,False,,,,,,,,,,,
1466,聚隆,2026-06-10 23:13:41,False,,,,,,,,,,,
1472,三洋實業,2026-06-10 23:13:41,False,,,,,,,,,,,
1473,台南,2026-06-10 23:13:41,False,,,,,,,,,,,
1468,昶和,2026-06-10 23:13:41,False,,,,,,,,,,,
1471,首利,2026-06-10 23:13:41,False,,,,,,,,,,,
1470,大統新創,2026-06-10 23:13:41,False,,,,,,,,,,,
1474,弘裕,2026-06-10 23:13:41,False,,,,,,,,,,,
1476,儒鴻,2026-06-10 23:13:41,False,,,,,,,,,,,
1467,南緯,2026-06-10 23:13:41,False,,,,,,,,,,,
1475,業旺,2026-06-10 23:13:41,False,,,,,,,,,,,
1513,中興電,2026-06-10 23:13:41,False,,,,,,,,,,,
1512,瑞利,2026-06-10 23:13:41,False,,,,,,,,,,,
1517,利奇,2026-06-10 23:13:41,False,,,,,,,,,,,
1506,正道,2026-06-10 23:13:41,False,,,,,,,,,,,
1515,力山,2026-06-10 23:13:41,False,,,,,,,,,,,
1516,川飛,2026-06-10 23:13:41,False,,,,,,,,,,,
1503,士電,2026-06-10 23:13:41,True,216.5,3843 張,[進] 60分K之KD且RSI<20 且 站上60T進場；[出] 站上60T出場,11.0,72.7%,0.53%,1.37%,-0.78%,0.68,站上60T進場,站上60T出場
1477,聚陽,2026-06-10 23:13:41,False,,,,,,,,,,,
1504,東元,2026-06-10 23:13:41,True,69.8,18058 張,[進] 60分K之KD且RSI<20 且 碰觸BBAND下緣進場；[出] 乖離率大於15%停利出場,3.0,100.0%,24.59%,27.89%,21.19%,3.35,碰觸BBAND下緣進場,乖離率大於15%停利出場
1527,鑽全,2026-06-10 23:13:42,False,,,,,,,,,,,
1521,大億,2026-06-10 23:13:42,False,,,,,,,,,,,
1525,江申,2026-06-10 23:13:42,False,,,,,,,,,,,
1524,耿鼎,2026-06-10 23:13:42,False,,,,,,,,,,,
1519,華城,2026-06-10 23:13:42,False,,,,,,,,,,,
1522,堤維西,2026-06-10 23:13:42,False,,,,,,,,,,,
1528,恩德,2026-06-10 23:13:42,False,,,,,,,,,,,
1529,樂事綠能,2026-06-10 23:13:42,False,,,,,,,,,,,
1526,日馳,2026-06-10 23:13:42,True,14.4,72 張,[進] 60分K之KD且RSI<20 且 站上60T進場；[出] 碰觸20T(布林中線)以上出場,5.0,100.0%,2.27%,9.39%,0.16%,4.0,站上60T進場,碰觸20T(布林中線)以上出場
1536,和大,2026-06-10 23:13:42,False,,,,,,,,,,,
1531,高林股,2026-06-10 23:13:42,False,,,,,,,,,,,
1537,廣隆,2026-06-10 23:13:42,False,,,,,,,,,,,
1532,勤美,2026-06-10 23:13:42,False,,,,,,,,,,,
1539,巨庭,2026-06-10 23:13:42,False,,,,,,,,,,,
1533,車王電,2026-06-10 23:13:42,False,,,,,,,,,,,
1535,中宇,2026-06-10 23:13:42,False,,,,,,,,,,,
1538,正峰,2026-06-10 23:13:42,False,,,,,,,,,,,
1530,亞崴,2026-06-10 23:13:42,False,,,,,,,,,,,
1514,亞力,2026-06-10 23:13:41,True,118.5,3627 張,[進] 60分K之KD且RSI<20 且 碰觸BBAND下緣進場；[出] 乖離率大於15%停利出場,5.0,80.0%,28.37%,62.58%,-19.71%,31.39,碰觸BBAND下緣進場,乖離率大於15%停利出場
1568,倉佑,2026-06-10 23:13:43,False,,,,,,,,,,,
1563,巧新,2026-06-10 23:13:43,False,,,,,,,,,,,
1587,吉茂,2026-06-10 23:13:43,False,,,,,,,,,,,
1582,信錦,2026-06-10 23:13:43,False,,,,,,,,,,,
1540,喬福,2026-06-10 23:13:42,False,,,,,,,,,,,
1589,永冠-KY,2026-06-10 23:13:43,False,,,,,,,,,,,
1558,伸興,2026-06-10 23:13:43,False,,,,,,,,,,,
1541,錩泰,2026-06-10 23:13:43,False,,,,,,,,,,,
1583,程泰,2026-06-10 23:13:43,False,,,,,,,,,,,
1560,中砂,2026-06-10 23:13:43,True,604.0,1111 張,[進] 60分K之KD且RSI<20 且 直接進場；[出] 布林通道觸頂出場,32.0,81.2%,1.57%,10.4%,-27.52%,7.16,直接進場,布林通道觸頂出場
1612,宏泰,2026-06-10 23:13:43,False,,,,,,,,,,,
1590,亞德客-KY,2026-06-10 23:13:43,False,,,,,,,,,,,
1604,聲寶,2026-06-10 23:13:43,False,,,,,,,,,,,
1598,岱宇,2026-06-10 23:13:43,False,,,,,,,,,,,
1611,中電,2026-06-10 23:13:43,False,,,,,,,,,,,
1609,大亞,2026-06-10 23:13:43,False,,,,,,,,,,,
1603,華電,2026-06-10 23:13:43,False,,,,,,,,,,,
1608,華榮,2026-06-10 23:13:43,False,,,,,,,,,,,
1597,直得,2026-06-10 23:13:43,True,147.5,1847 張,[進] 60分K之KD且RSI<20 且 站上60T進場；[出] 布林通道觸頂出場,6.0,83.3%,2.08%,7.6%,-12.45%,7.51,站上60T進場,布林通道觸頂出場
1605,華新,2026-06-10 23:13:43,False,,,,,,,,,,,
1615,大山,2026-06-10 23:13:43,False,,,,,,,,,,,
1623,大東電,2026-06-10 23:13:43,False,,,,,,,,,,,
1614,三洋電,2026-06-10 23:13:43,False,,,,,,,,,,,
1626,艾美特-KY,2026-06-10 23:13:43,False,,,,,,,,,,,
1702,南僑,2026-06-10 23:13:43,False,,,,,,,,,,,
1616,億泰,2026-06-10 23:13:43,False,,,,,,,,,,,
1707,葡萄王,2026-06-10 23:13:44,False,,,,,,,,,,,
1618,合機,2026-06-10 23:13:43,False,,,,,,,,,,,
1708,東鹼,2026-06-10 23:13:44,False,,,,,,,,,,,
1617,榮星,2026-06-10 23:13:43,False,,,,,,,,,,,
1709,和益,2026-06-10 23:13:44,False,,,,,,,,,,,
1718,中纖,2026-06-10 23:13:44,False,,,,,,,,,,,
1713,國化,2026-06-10 23:13:44,False,,,,,,,,,,,
1714,和桐,2026-06-10 23:13:44,False,,,,,,,,,,,
1710,東聯,2026-06-10 23:13:44,False,,,,,,,,,,,
1712,興農,2026-06-10 23:13:44,False,,,,,,,,,,,
1711,永光,2026-06-10 23:13:44,False,,,,,,,,,,,
1717,長興,2026-06-10 23:13:44,False,,,,,,,,,,,
1721,三晃,2026-06-10 23:13:44,False,,,,,,,,,,,
1720,生達,2026-06-10 23:13:44,False,,,,,,,,,,,
1722,台肥,2026-06-10 23:13:44,False,,,,,,,,,,,
1726,永記,2026-06-10 23:13:44,False,,,,,,,,,,,
1727,中華化,2026-06-10 23:13:44,False,,,,,,,,,,,
1723,中碳,2026-06-10 23:13:44,False,,,,,,,,,,,
1732,毛寶,2026-06-10 23:13:44,False,,,,,,,,,,,
1731,美吾華,2026-06-10 23:13:44,False,,,,,,,,,,,
1733,五鼎,2026-06-10 23:13:44,False,,,,,,,,,,,
1730,花仙子,2026-06-10 23:13:44,False,,,,,,,,,,,
1734,杏輝,2026-06-10 23:13:44,False,,,,,,,,,,,
1736,喬山,2026-06-10 23:13:44,False,,,,,,,,,,,
1737,臺鹽,2026-06-10 23:13:44,False,,,,,,,,,,,
1752,南光,2026-06-10 23:13:44,False,,,,,,,,,,,
1735,日勝化,2026-06-10 23:13:44,False,,,,,,,,,,,
1725,元禎,2026-06-10 23:13:44,False,,,,,,,,,,,
1760,寶齡富錦,2026-06-10 23:13:44,False,,,,,,,,,,,
1762,中化生,2026-06-10 23:13:44,False,,,,,,,,,,,
1773,勝一,2026-06-10 23:13:44,False,,,,,,,,,,,
1776,展宇,2026-06-10 23:13:44,False,,,,,,,,,,,
1783,和康生,2026-06-10 23:13:44,False,,,,,,,,,,,
1806,冠軍,2026-06-10 23:13:44,False,,,,,,,,,,,
1805,寶徠,2026-06-10 23:13:44,False,,,,,,,,,,,
1802,台玻,2026-06-10 23:13:44,False,,,,,,,,,,,
1795,美時,2026-06-10 23:13:44,False,,,,,,,,,,,
1789,神隆,2026-06-10 23:13:44,False,,,,,,,,,,,
1786,科妍,2026-06-10 23:13:44,False,,,,,,,,,,,
1809,中釉,2026-06-10 23:13:44,False,,,,,,,,,,,
1808,潤隆,2026-06-10 23:13:44,False,,,,,,,,,,,
1810,和成,2026-06-10 23:13:44,False,,,,,,,,,,,
1903,士紙,2026-06-10 23:13:44,False,,,,,,,,,,,
1817,凱撒衛,2026-06-10 23:13:44,False,,,,,,,,,,,
1904,正隆,2026-06-10 23:13:44,False,,,,,,,,,,,
2002,中鋼,2026-06-10 23:13:44,False,,,,,,,,,,,
1906,寶隆,2026-06-10 23:13:44,False,,,,,,,,,,,
1907,永豐餘,2026-06-10 23:13:44,False,,,,,,,,,,,
1909,榮成,2026-06-10 23:13:44,False,,,,,,,,,,,
1905,華紙,2026-06-10 23:13:44,False,,,,,,,,,,,
2008,高興昌,2026-06-10 23:13:44,False,,,,,,,,,,,
2010,春源,2026-06-10 23:13:44,False,,,,,,,,,,,
2006,東和鋼鐵,2026-06-10 23:13:44,False,,,,,,,,,,,
2007,燁興,2026-06-10 23:13:44,False,,,,,,,,,,,
2012,春雨,2026-06-10 23:13:44,False,,,,,,,,,,,
2009,第一銅,2026-06-10 23:13:44,False,,,,,,,,,,,
2015,豐興,2026-06-10 23:13:44,False,,,,,,,,,,,
2013,中鋼構,2026-06-10 23:13:44,False,,,,,,,,,,,
2014,中鴻,2026-06-10 23:13:44,False,,,,,,,,,,,
2020,美亞,2026-06-10 23:13:44,False,,,,,,,,,,,
2017,官田鋼,2026-06-10 23:13:44,False,,,,,,,,,,,
2022,聚亨,2026-06-10 23:13:44,False,,,,,,,,,,,
2028,威致,2026-06-10 23:13:44,False,,,,,,,,,,,
2023,燁輝,2026-06-10 23:13:44,False,,,,,,,,,,,
2027,大成鋼,2026-06-10 23:13:44,False,,,,,,,,,,,
2024,志聯,2026-06-10 23:13:44,False,,,,,,,,,,,
2025,千興,2026-06-10 23:13:44,False,,,,,,,,,,,
2029,盛餘,2026-06-10 23:13:44,False,,,,,,,,,,,
2032,新鋼,2026-06-10 23:13:44,False,,,,,,,,,,,
2030,彰源,2026-06-10 23:13:44,False,,,,,,,,,,,
2033,佳大,2026-06-10 23:13:44,False,,,,,,,,,,,
2031,新光鋼,2026-06-10 23:13:44,False,,,,,,,,,,,
2038,海光,2026-06-10 23:13:44,False,,,,,,,,,,,
2069,運錩,2026-06-10 23:13:44,False,,,,,,,,,,,
2049,上銀,2026-06-10 23:13:44,False,,,,,,,,,,,
2034,允強,2026-06-10 23:13:44,False,,,,,,,,,,,
2062,橋椿,2026-06-10 23:13:44,False,,,,,,,,,,,
2059,川湖,2026-06-10 23:13:44,False,,,,,,,,,,,
2104,國際中橡,2026-06-10 23:13:44,False,,,,,,,,,,,
2103,台橡,2026-06-10 23:13:44,False,,,,,,,,,,,
2072,世紀風電,2026-06-10 23:13:44,False,,,,,,,,,,,
2102,泰豐,2026-06-10 23:13:44,False,,,,,,,,,,,
2101,南港,2026-06-10 23:13:44,False,,,,,,,,,,,
2114,鑫永銓,2026-06-10 23:13:44,False,,,,,,,,,,,
2105,正新,2026-06-10 23:13:44,False,,,,,,,,,,,
2107,厚生,2026-06-10 23:13:44,False,,,,,,,,,,,
2109,華豐,2026-06-10 23:13:44,False,,,,,,,,,,,
2106,建大,2026-06-10 23:13:44,False,,,,,,,,,,,
2108,南帝,2026-06-10 23:13:44,False,,,,,,,,,,,
2207,和泰車,2026-06-10 23:13:44,False,,,,,,,,,,,
2206,三陽工業,2026-06-10 23:13:44,False,,,,,,,,,,,
2201,裕隆,2026-06-10 23:13:44,False,,,,,,,,,,,
2204,中華,2026-06-10 23:13:44,False,,,,,,,,,,,
2115,六暉-KY,2026-06-10 23:13:44,False,,,,,,,,,,,
2211,長榮鋼,2026-06-10 23:13:44,False,,,,,,,,,,,
2208,台船,2026-06-10 23:13:44,False,,,,,,,,,,,
2227,裕日車,2026-06-10 23:13:44,False,,,,,,,,,,,
2233,宇隆,2026-06-10 23:13:45,False,,,,,,,,,,,
2236,百達-KY,2026-06-10 23:13:45,False,,,,,,,,,,,
2231,為升,2026-06-10 23:13:44,False,,,,,,,,,,,
2228,劍麟,2026-06-10 23:13:44,False,,,,,,,,,,,
2241,艾姆勒,2026-06-10 23:13:45,False,,,,,,,,,,,
2243,宏旭-KY,2026-06-10 23:13:45,False,,,,,,,,,,,
2247,汎德永業,2026-06-10 23:13:45,False,,,,,,,,,,,
2239,英利-KY,2026-06-10 23:13:45,False,,,,,,,,,,,
2302,麗正,2026-06-10 23:13:45,False,,,,,,,,,,,
2250,IKKA-KY,2026-06-10 23:13:45,False,,,,,,,,,,,
2301,光寶科,2026-06-10 23:13:45,False,,,,,,,,,,,
2248,華勝-KY,2026-06-10 23:13:45,False,,,,,,,,,,,
2305,全友,2026-06-10 23:13:45,False,,,,,,,,,,,
2303,聯電,2026-06-10 23:13:45,False,,,,,,,,,,,
2312,金寶,2026-06-10 23:13:45,False,,,,,,,,,,,
2316,楠梓電,2026-06-10 23:13:45,False,,,,,,,,,,,
2313,華通,2026-06-10 23:13:45,False,,,,,,,,,,,
2314,台揚,2026-06-10 23:13:45,False,,,,,,,,,,,
2308,台達電,2026-06-10 23:13:45,False,,,,,,,,,,,
2324,仁寶,2026-06-10 23:13:45,False,,,,,,,,,,,
2327,國巨*,2026-06-10 23:13:45,False,,,,,,,,,,,
2321,東訊,2026-06-10 23:13:45,False,,,,,,,,,,,
2323,中環,2026-06-10 23:13:45,False,,,,,,,,,,,
2317,鴻海,2026-06-10 23:13:45,False,,,,,,,,,,,
2328,廣宇,2026-06-10 23:13:45,False,,,,,,,,,,,
2337,旺宏,2026-06-10 23:13:45,False,,,,,,,,,,,
2329,華泰,2026-06-10 23:13:45,False,,,,,,,,,,,
2330,台積電,2026-06-10 23:13:45,False,,,,,,,,,,,
2332,友訊,2026-06-10 23:13:45,False,,,,,,,,,,,
2331,精英,2026-06-10 23:13:45,False,,,,,,,,,,,
2344,華邦電,2026-06-10 23:13:45,False,,,,,,,,,,,
2340,台亞,2026-06-10 23:13:45,False,,,,,,,,,,,
2342,茂矽,2026-06-10 23:13:45,False,,,,,,,,,,,
2338,光罩,2026-06-10 23:13:45,False,,,,,,,,,,,
2347,聯強,2026-06-10 23:13:45,False,,,,,,,,,,,
2345,智邦,2026-06-10 23:13:45,False,,,,,,,,,,,
2348,海悅,2026-06-10 23:13:45,False,,,,,,,,,,,
2349,錸德,2026-06-10 23:13:45,False,,,,,,,,,,,
2351,順德,2026-06-10 23:13:45,False,,,,,,,,,,,
2352,佳世達,2026-06-10 23:13:45,False,,,,,,,,,,,
2353,宏��,2026-06-10 23:13:45,False,,,,,,,,,,,
2356,英業達,2026-06-10 23:13:45,False,,,,,,,,,,,
2354,鴻準,2026-06-10 23:13:45,False,,,,,,,,,,,
2355,敬鵬,2026-06-10 23:13:45,False,,,,,,,,,,,
2357,華碩,2026-06-10 23:13:45,False,,,,,,,,,,,
2359,所羅門,2026-06-10 23:13:45,False,,,,,,,,,,,
2362,藍天,2026-06-10 23:13:45,False,,,,,,,,,,,
2367,燿華,2026-06-10 23:13:45,False,,,,,,,,,,,
2360,致茂,2026-06-10 23:13:45,False,,,,,,,,,,,
2364,倫飛,2026-06-10 23:13:45,False,,,,,,,,,,,
2363,矽統,2026-06-10 23:13:45,False,,,,,,,,,,,
2365,昆盈,2026-06-10 23:13:45,False,,,,,,,,,,,
2369,菱生,2026-06-10 23:13:45,False,,,,,,,,,,,
2368,金像電,2026-06-10 23:13:45,False,,,,,,,,,,,
2371,大同,2026-06-10 23:13:45,False,,,,,,,,,,,
2374,佳能,2026-06-10 23:13:45,False,,,,,,,,,,,
2373,震旦行,2026-06-10 23:13:45,False,,,,,,,,,,,
2376,技嘉,2026-06-10 23:13:45,False,,,,,,,,,,,
2375,凱美,2026-06-10 23:13:45,False,,,,,,,,,,,
2382,廣達,2026-06-10 23:13:45,False,,,,,,,,,,,
2380,虹光,2026-06-10 23:13:45,False,,,,,,,,,,,
2379,瑞昱,2026-06-10 23:13:45,False,,,,,,,,,,,
2377,微星,2026-06-10 23:13:45,False,,,,,,,,,,,
2390,云辰,2026-06-10 23:13:45,False,,,,,,,,,,,
2388,威盛,2026-06-10 23:13:45,False,,,,,,,,,,,
2385,群光,2026-06-10 23:13:45,False,,,,,,,,,,,
2387,精元,2026-06-10 23:13:45,False,,,,,,,,,,,
2383,台光電,2026-06-10 23:13:45,False,,,,,,,,,,,
2401,凌陽,2026-06-10 23:13:45,False,,,,,,,,,,,
2399,映泰,2026-06-10 23:13:45,False,,,,,,,,,,,
2393,億光,2026-06-10 23:13:45,False,,,,,,,,,,,
2392,正崴,2026-06-10 23:13:45,False,,,,,,,,,,,
2404,漢唐,2026-06-10 23:13:45,False,,,,,,,,,,,
2397,友通,2026-06-10 23:13:45,False,,,,,,,,,,,
2395,研華,2026-06-10 23:13:45,False,,,,,,,,,,,
2405,輔信,2026-06-10 23:13:45,False,,,,,,,,,,,
2402,毅嘉,2026-06-10 23:13:45,False,,,,,,,,,,,
2406,國碩,2026-06-10 23:13:45,False,,,,,,,,,,,
2408,南亞科,2026-06-10 23:13:45,False,,,,,,,,,,,
2412,中華電,2026-06-10 23:13:45,False,,,,,,,,,,,
2420,新巨,2026-06-10 23:13:45,False,,,,,,,,,,,
2413,環科,2026-06-10 23:13:45,False,,,,,,,,,,,
2415,錩新,2026-06-10 23:13:45,False,,,,,,,,,,,
2409,友達,2026-06-10 23:13:45,False,,,,,,,,,,,
2417,圓剛,2026-06-10 23:13:45,False,,,,,,,,,,,
2414,精技,2026-06-10 23:13:45,False,,,,,,,,,,,
2419,仲琦,2026-06-10 23:13:45,False,,,,,,,,,,,
2421,建準,2026-06-10 23:13:45,False,,,,,,,,,,,
2423,固緯,2026-06-10 23:13:45,False,,,,,,,,,,,
2424,隴華,2026-06-10 23:13:45,False,,,,,,,,,,,
2433,互盛電,2026-06-10 23:13:45,False,,,,,,,,,,,
2425,承啟,2026-06-10 23:13:45,False,,,,,,,,,,,
2427,三商電,2026-06-10 23:13:45,False,,,,,,,,,,,
2430,燦坤,2026-06-10 23:13:45,False,,,,,,,,,,,
2429,銘旺科,2026-06-10 23:13:45,False,,,,,,,,,,,
2431,聯昌,2026-06-10 23:13:45,False,,,,,,,,,,,
2428,興勤,2026-06-10 23:13:45,False,,,,,,,,,,,
2426,鼎元,2026-06-10 23:13:45,False,,,,,,,,,,,
2436,偉詮電,2026-06-10 23:13:45,False,,,,,,,,,,,
2434,統懋,2026-06-10 23:13:45,False,,,,,,,,,,,
2438,翔耀,2026-06-10 23:13:45,False,,,,,,,,,,,
2442,新美齊,2026-06-10 23:13:45,False,,,,,,,,,,,
2439,美律,2026-06-10 23:13:45,False,,,,,,,,,,,
2444,兆勁,2026-06-10 23:13:45,False,,,,,,,,,,,
2440,太空梭,2026-06-10 23:13:45,False,,,,,,,,,,,
2441,超豐,2026-06-10 23:13:45,False,,,,,,,,,,,
2450,神腦,2026-06-10 23:13:45,False,,,,,,,,,,,
2451,創見,2026-06-10 23:13:45,False,,,,,,,,,,,
2449,京元電子,2026-06-10 23:13:45,False,,,,,,,,,,,
2454,聯發科,2026-06-10 23:13:45,False,,,,,,,,,,,
2453,凌群,2026-06-10 23:13:45,False,,,,,,,,,,,
2457,飛宏,2026-06-10 23:13:45,False,,,,,,,,,,,
2459,敦吉,2026-06-10 23:13:45,False,,,,,,,,,,,
2460,建通,2026-06-10 23:13:45,False,,,,,,,,,,,
2458,義隆,2026-06-10 23:13:45,False,,,,,,,,,,,
2455,全新,2026-06-10 23:13:45,False,,,,,,,,,,,
2461,光群雷,2026-06-10 23:13:45,False,,,,,,,,,,,
2462,良得電,2026-06-10 23:13:45,False,,,,,,,,,,,
2465,麗臺,2026-06-10 23:13:45,False,,,,,,,,,,,
2464,盟立,2026-06-10 23:13:45,False,,,,,,,,,,,
2467,志聖,2026-06-10 23:13:45,False,,,,,,,,,,,
2468,華經,2026-06-10 23:13:45,False,,,,,,,,,,,
2466,冠西電,2026-06-10 23:13:45,False,,,,,,,,,,,
2472,立隆電,2026-06-10 23:13:45,False,,,,,,,,,,,
2474,可成,2026-06-10 23:13:45,False,,,,,,,,,,,
2471,資通,2026-06-10 23:13:45,False,,,,,,,,,,,
2477,美隆電,2026-06-10 23:13:45,False,,,,,,,,,,,
2476,鉅祥,2026-06-10 23:13:45,False,,,,,,,,,,,
2481,強茂,2026-06-10 23:13:45,False,,,,,,,,,,,
2480,敦陽科,2026-06-10 23:13:45,False,,,,,,,,,,,
2478,大毅,2026-06-10 23:13:45,False,,,,,,,,,,,
2484,希華,2026-06-10 23:13:45,False,,,,,,,,,,,
2491,吉祥全,2026-06-10 23:13:45,False,,,,,,,,,,,
2488,漢平,2026-06-10 23:13:45,False,,,,,,,,,,,
2482,連宇,2026-06-10 23:13:45,False,,,,,,,,,,,
2489,瑞軒,2026-06-10 23:13:45,False,,,,,,,,,,,
2483,百容,2026-06-10 23:13:45,False,,,,,,,,,,,
2486,一詮,2026-06-10 23:13:45,False,,,,,,,,,,,
2485,兆赫,2026-06-10 23:13:45,False,,,,,,,,,,,
2495,普安,2026-06-10 23:13:45,False,,,,,,,,,,,
2497,怡利電,2026-06-10 23:13:45,False,,,,,,,,,,,
2493,揚博,2026-06-10 23:13:45,False,,,,,,,,,,,
2496,卓越,2026-06-10 23:13:45,False,,,,,,,,,,,
2492,華新科,2026-06-10 23:13:45,False,,,,,,,,,,,
2498,宏達電,2026-06-10 23:13:45,False,,,,,,,,,,,
2501,國建,2026-06-10 23:13:45,False,,,,,,,,,,,
2505,國揚,2026-06-10 23:13:45,False,,,,,,,,,,,
2504,國產,2026-06-10 23:13:45,False,,,,,,,,,,,
2506,太設,2026-06-10 23:13:45,False,,,,,,,,,,,
2514,龍邦,2026-06-10 23:13:45,False,,,,,,,,,,,
2509,全坤建,2026-06-10 23:13:45,False,,,,,,,,,,,
2511,太子,2026-06-10 23:13:45,False,,,,,,,,,,,
2516,新建,2026-06-10 23:13:45,False,,,,,,,,,,,
2520,冠德,2026-06-10 23:13:45,False,,,,,,,,,,,
2515,中工,2026-06-10 23:13:45,False,,,,,,,,,,,
2530,華建,2026-06-10 23:13:45,False,,,,,,,,,,,
2534,宏盛,2026-06-10 23:13:46,False,,,,,,,,,,,
2524,京城,2026-06-10 23:13:45,False,,,,,,,,,,,
2527,宏璟,2026-06-10 23:13:45,False,,,,,,,,,,,
2528,皇普,2026-06-10 23:13:45,False,,,,,,,,,,,
2538,基泰,2026-06-10 23:13:46,False,,,,,,,,,,,
2536,宏普,2026-06-10 23:13:46,False,,,,,,,,,,,
2535,達欣工,2026-06-10 23:13:46,False,,,,,,,,,,,
2539,櫻花建,2026-06-10 23:13:46,False,,,,,,,,,,,
2540,愛山林,2026-06-10 23:13:46,False,,,,,,,,,,,
2537,聯上發,2026-06-10 23:13:46,False,,,,,,,,,,,
2548,華固,2026-06-10 23:13:46,False,,,,,,,,,,,
2545,皇翔,2026-06-10 23:13:46,False,,,,,,,,,,,
2547,日勝生,2026-06-10 23:13:46,False,,,,,,,,,,,
2542,興富發,2026-06-10 23:13:46,False,,,,,,,,,,,
2597,潤弘,2026-06-10 23:13:46,False,,,,,,,,,,,
2543,皇昌,2026-06-10 23:13:46,False,,,,,,,,,,,
2546,根基,2026-06-10 23:13:46,False,,,,,,,,,,,
2601,益航,2026-06-10 23:13:46,False,,,,,,,,,,,
2603,長榮,2026-06-10 23:13:46,False,,,,,,,,,,,
2605,新興,2026-06-10 23:13:46,False,,,,,,,,,,,
2607,榮運,2026-06-10 23:13:46,False,,,,,,,,,,,
2610,華航,2026-06-10 23:13:46,False,,,,,,,,,,,
2606,裕民,2026-06-10 23:13:46,False,,,,,,,,,,,
2611,志信,2026-06-10 23:13:46,False,,,,,,,,,,,
2613,中櫃,2026-06-10 23:13:46,False,,,,,,,,,,,
2609,陽明,2026-06-10 23:13:46,False,,,,,,,,,,,
2608,嘉里大榮,2026-06-10 23:13:46,False,,,,,,,,,,,
2612,中航,2026-06-10 23:13:46,False,,,,,,,,,,,
2614,東森,2026-06-10 23:13:46,False,,,,,,,,,,,
2616,山隆,2026-06-10 23:13:46,False,,,,,,,,,,,
2615,萬海,2026-06-10 23:13:46,False,,,,,,,,,,,
2618,長榮航,2026-06-10 23:13:46,False,,,,,,,,,,,
2617,台航,2026-06-10 23:13:46,False,,,,,,,,,,,
2630,亞航,2026-06-10 23:13:46,False,,,,,,,,,,,
2634,漢翔,2026-06-10 23:13:46,False,,,,,,,,,,,
2633,台灣高鐵,2026-06-10 23:13:46,False,,,,,,,,,,,
2636,台驊控股,2026-06-10 23:13:46,False,,,,,,,,,,,
2642,宅配通,2026-06-10 23:13:46,False,,,,,,,,,,,
2637,慧洋-KY,2026-06-10 23:13:46,False,,,,,,,,,,,
2645,長榮航太,2026-06-10 23:13:46,False,,,,,,,,,,,
2701,萬企,2026-06-10 23:13:46,False,,,,,,,,,,,
2702,華園,2026-06-10 23:13:46,False,,,,,,,,,,,
2704,國賓,2026-06-10 23:13:46,False,,,,,,,,,,,
2646,星宇航空,2026-06-10 23:13:46,False,,,,,,,,,,,
2705,六福,2026-06-10 23:13:46,False,,,,,,,,,,,
2722,夏都,2026-06-10 23:13:46,False,,,,,,,,,,,
2707,晶華,2026-06-10 23:13:46,False,,,,,,,,,,,
2706,第一店,2026-06-10 23:13:46,False,,,,,,,,,,,
2723,美食-KY,2026-06-10 23:13:46,False,,,,,,,,,,,
2712,遠雄來,2026-06-10 23:13:46,False,,,,,,,,,,,
2727,王品,2026-06-10 23:13:46,False,,,,,,,,,,,
2753,八方雲集,2026-06-10 23:13:46,False,,,,,,,,,,,
2731,雄獅,2026-06-10 23:13:46,False,,,,,,,,,,,
2739,寒舍,2026-06-10 23:13:46,False,,,,,,,,,,,
2748,雲品,2026-06-10 23:13:46,False,,,,,,,,,,,
2812,台中銀,2026-06-10 23:13:46,False,,,,,,,,,,,
2762,世界健身-KY,2026-06-10 23:13:46,False,,,,,,,,,,,
2832,台產,2026-06-10 23:13:46,False,,,,,,,,,,,
2816,旺旺保,2026-06-10 23:13:46,False,,,,,,,,,,,
2820,華票,2026-06-10 23:13:46,False,,,,,,,,,,,
2801,彰銀,2026-06-10 23:13:46,False,,,,,,,,,,,
2834,臺企銀,2026-06-10 23:13:46,False,,,,,,,,,,,
2838,聯邦銀,2026-06-10 23:13:46,False,,,,,,,,,,,
2845,遠東銀,2026-06-10 23:13:46,False,,,,,,,,,,,
2836,高雄銀,2026-06-10 23:13:46,False,,,,,,,,,,,
2849,安泰銀,2026-06-10 23:13:46,False,,,,,,,,,,,
2851,中再保,2026-06-10 23:13:46,False,,,,,,,,,,,
2855,統一證,2026-06-10 23:13:46,False,,,,,,,,,,,
2880,華南金,2026-06-10 23:13:46,False,,,,,,,,,,,
2852,第一保,2026-06-10 23:13:46,False,,,,,,,,,,,
2850,新產,2026-06-10 23:13:46,False,,,,,,,,,,,
2867,三商壽,2026-06-10 23:13:46,False,,,,,,,,,,,
2881,富邦金,2026-06-10 23:13:46,False,,,,,,,,,,,
2883,凱基金,2026-06-10 23:13:46,False,,,,,,,,,,,
2882,國泰金,2026-06-10 23:13:46,False,,,,,,,,,,,
2884,玉山金,2026-06-10 23:13:46,False,,,,,,,,,,,
2885,元大金,2026-06-10 23:13:46,False,,,,,,,,,,,
2886,兆豐金,2026-06-10 23:13:46,False,,,,,,,,,,,
2891,中信金,2026-06-10 23:13:46,False,,,,,,,,,,,
2890,永豐金,2026-06-10 23:13:46,False,,,,,,,,,,,
2889,國票金,2026-06-10 23:13:46,False,,,,,,,,,,,
2892,第一金,2026-06-10 23:13:46,False,,,,,,,,,,,
2887,台新新光金,2026-06-10 23:13:46,False,,,,,,,,,,,
2903,遠百,2026-06-10 23:13:46,False,,,,,,,,,,,
2904,匯僑,2026-06-10 23:13:46,False,,,,,,,,,,,
2897,王道銀行,2026-06-10 23:13:46,False,,,,,,,,,,,
2905,三商,2026-06-10 23:13:46,False,,,,,,,,,,,
2901,欣欣,2026-06-10 23:13:46,False,,,,,,,,,,,
2911,麗嬰房,2026-06-10 23:13:46,False,,,,,,,,,,,
2908,特力,2026-06-10 23:13:46,False,,,,,,,,,,,
2906,高林,2026-06-10 23:13:46,False,,,,,,,,,,,
2912,統一超,2026-06-10 23:13:46,False,,,,,,,,,,,
2910,統領,2026-06-10 23:13:46,False,,,,,,,,,,,
2913,農林,2026-06-10 23:13:46,False,,,,,,,,,,,
2915,潤泰全,2026-06-10 23:13:46,False,,,,,,,,,,,
2945,三商家購,2026-06-10 23:13:46,False,,,,,,,,,,,
2923,鼎固-KY,2026-06-10 23:13:46,False,,,,,,,,,,,
2939,永邑-KY,2026-06-10 23:13:46,False,,,,,,,,,,,
3002,歐格,2026-06-10 23:13:46,False,,,,,,,,,,,
2929,淘帝-KY,2026-06-10 23:13:46,False,,,,,,,,,,,
3003,健和興,2026-06-10 23:13:46,False,,,,,,,,,,,
3006,晶豪科,2026-06-10 23:13:46,False,,,,,,,,,,,
3005,神基,2026-06-10 23:13:46,False,,,,,,,,,,,
3004,豐達科,2026-06-10 23:13:46,False,,,,,,,,,,,
3008,大立光,2026-06-10 23:13:46,False,,,,,,,,,,,
3014,聯陽,2026-06-10 23:13:46,False,,,,,,,,,,,
3016,嘉晶,2026-06-10 23:13:46,False,,,,,,,,,,,
3011,今皓,2026-06-10 23:13:46,False,,,,,,,,,,,
3010,華立,2026-06-10 23:13:46,False,,,,,,,,,,,
3013,晟銘電,2026-06-10 23:13:46,False,,,,,,,,,,,
3015,全漢,2026-06-10 23:13:46,False,,,,,,,,,,,
3022,威強電,2026-06-10 23:13:46,False,,,,,,,,,,,
3018,隆銘綠能,2026-06-10 23:13:46,False,,,,,,,,,,,
3021,鴻名,2026-06-10 23:13:46,False,,,,,,,,,,,
3017,奇鋐,2026-06-10 23:13:46,False,,,,,,,,,,,
3019,亞光,2026-06-10 23:13:46,False,,,,,,,,,,,
3023,信邦,2026-06-10 23:13:46,False,,,,,,,,,,,
3026,禾伸堂,2026-06-10 23:13:46,False,,,,,,,,,,,
3025,星通,2026-06-10 23:13:46,False,,,,,,,,,,,
3027,盛達,2026-06-10 23:13:46,False,,,,,,,,,,,
3028,增你強,2026-06-10 23:13:46,False,,,,,,,,,,,
3024,憶聲,2026-06-10 23:13:46,False,,,,,,,,,,,
3033,威健,2026-06-10 23:13:46,False,,,,,,,,,,,
3031,佰鴻,2026-06-10 23:13:46,False,,,,,,,,,,,
3029,零壹,2026-06-10 23:13:46,False,,,,,,,,,,,
3032,偉訓,2026-06-10 23:13:46,False,,,,,,,,,,,
3030,德律,2026-06-10 23:13:46,False,,,,,,,,,,,
3036,文曄,2026-06-10 23:13:46,False,,,,,,,,,,,
3035,智原,2026-06-10 23:13:46,False,,,,,,,,,,,
3037,欣興,2026-06-10 23:13:46,False,,,,,,,,,,,
3034,聯詠,2026-06-10 23:13:46,False,,,,,,,,,,,
3038,全台,2026-06-10 23:13:46,False,,,,,,,,,,,
3040,遠見,2026-06-10 23:13:46,False,,,,,,,,,,,
3041,揚智,2026-06-10 23:13:46,False,,,,,,,,,,,
3044,健鼎,2026-06-10 23:13:46,False,,,,,,,,,,,
3043,科風,2026-06-10 23:13:46,False,,,,,,,,,,,
3042,晶技,2026-06-10 23:13:46,False,,,,,,,,,,,
3045,台灣大,2026-06-10 23:13:46,False,,,,,,,,,,,
3051,力特,2026-06-10 23:13:46,False,,,,,,,,,,,
3046,建��,2026-06-10 23:13:46,False,,,,,,,,,,,
3047,訊舟,2026-06-10 23:13:46,False,,,,,,,,,,,
3050,鈺德,2026-06-10 23:13:46,False,,,,,,,,,,,
3048,益登,2026-06-10 23:13:46,False,,,,,,,,,,,
3049,精金,2026-06-10 23:13:46,False,,,,,,,,,,,
3057,喬鼎,2026-06-10 23:13:46,False,,,,,,,,,,,
3058,立德,2026-06-10 23:13:46,False,,,,,,,,,,,
3055,蔚華科,2026-06-10 23:13:46,False,,,,,,,,,,,
3052,夆典,2026-06-10 23:13:46,False,,,,,,,,,,,
3054,立萬利,2026-06-10 23:13:46,False,,,,,,,,,,,
3056,富華新,2026-06-10 23:13:46,False,,,,,,,,,,,
3059,華晶科,2026-06-10 23:13:46,False,,,,,,,,,,,
3092,鴻碩,2026-06-10 23:13:46,False,,,,,,,,,,,
3062,建漢,2026-06-10 23:13:46,False,,,,,,,,,,,
3090,日電貿,2026-06-10 23:13:46,False,,,,,,,,,,,
3060,銘異,2026-06-10 23:13:46,False,,,,,,,,,,,
3094,聯傑,2026-06-10 23:13:46,False,,,,,,,,,,,
3135,凌航,2026-06-10 23:13:46,False,,,,,,,,,,,
3130,一零四,2026-06-10 23:13:46,False,,,,,,,,,,,
3164,景岳,2026-06-10 23:13:46,False,,,,,,,,,,,
3149,正達,2026-06-10 23:13:46,False,,,,,,,,,,,
3138,耀登,2026-06-10 23:13:46,False,,,,,,,,,,,
3167,大量,2026-06-10 23:13:46,False,,,,,,,,,,,
3229,晟鈦,2026-06-10 23:13:46,False,,,,,,,,,,,
3189,景碩,2026-06-10 23:13:46,False,,,,,,,,,,,
3209,全科,2026-06-10 23:13:46,False,,,,,,,,,,,
3168,眾福科,2026-06-10 23:13:46,False,,,,,,,,,,,
3266,昇陽,2026-06-10 23:13:46,False,,,,,,,,,,,
3257,虹冠電,2026-06-10 23:13:46,False,,,,,,,,,,,
3305,昇貿,2026-06-10 23:13:46,False,,,,,,,,,,,
3231,緯創,2026-06-10 23:13:46,False,,,,,,,,,,,
3308,聯德,2026-06-10 23:13:46,False,,,,,,,,,,,
3296,勝德,2026-06-10 23:13:46,False,,,,,,,,,,,
3312,弘憶股,2026-06-10 23:13:46,False,,,,,,,,,,,
3311,閎暉,2026-06-10 23:13:46,False,,,,,,,,,,,
3346,麗清,2026-06-10 23:13:47,False,,,,,,,,,,,
3321,同泰,2026-06-10 23:13:46,False,,,,,,,,,,,
3338,泰碩,2026-06-10 23:13:46,False,,,,,,,,,,,
3356,奇偶,2026-06-10 23:13:47,False,,,,,,,,,,,
3380,明泰,2026-06-10 23:13:47,False,,,,,,,,,,,
3416,融程電,2026-06-10 23:13:47,False,,,,,,,,,,,
3406,玉晶光,2026-06-10 23:13:47,False,,,,,,,,,,,
3376,新日興,2026-06-10 23:13:47,False,,,,,,,,,,,
3413,京鼎,2026-06-10 23:13:47,False,,,,,,,,,,,
3437,榮創,2026-06-10 23:13:47,False,,,,,,,,,,,
3419,譁裕,2026-06-10 23:13:47,False,,,,,,,,,,,
3432,台端,2026-06-10 23:13:47,False,,,,,,,,,,,
3447,展達,2026-06-10 23:13:47,False,,,,,,,,,,,
3443,創意,2026-06-10 23:13:47,False,,,,,,,,,,,
3494,誠研,2026-06-10 23:13:47,False,,,,,,,,,,,
3501,維熹,2026-06-10 23:13:47,False,,,,,,,,,,,
3450,聯鈞,2026-06-10 23:13:47,False,,,,,,,,,,,
3481,群創,2026-06-10 23:13:47,False,,,,,,,,,,,
3515,華擎,2026-06-10 23:13:47,False,,,,,,,,,,,
3504,揚明光,2026-06-10 23:13:47,False,,,,,,,,,,,
3528,安馳,2026-06-10 23:13:47,False,,,,,,,,,,,
3518,柏騰,2026-06-10 23:13:47,False,,,,,,,,,,,
3533,嘉澤,2026-06-10 23:13:47,False,,,,,,,,,,,
3530,晶相光,2026-06-10 23:13:47,False,,,,,,,,,,,
3532,台勝科,2026-06-10 23:13:47,False,,,,,,,,,,,
3535,晶彩科,2026-06-10 23:13:47,False,,,,,,,,,,,
3545,敦泰,2026-06-10 23:13:47,False,,,,,,,,,,,
3550,聯穎,2026-06-10 23:13:47,False,,,,,,,,,,,
3563,牧德,2026-06-10 23:13:47,False,,,,,,,,,,,
3543,州巧,2026-06-10 23:13:47,False,,,,,,,,,,,
3557,嘉威,2026-06-10 23:13:47,False,,,,,,,,,,,
3588,通嘉,2026-06-10 23:13:47,False,,,,,,,,,,,
3583,辛耘,2026-06-10 23:13:47,False,,,,,,,,,,,
3576,聯合再生,2026-06-10 23:13:47,False,,,,,,,,,,,
3592,瑞鼎,2026-06-10 23:13:47,False,,,,,,,,,,,
3591,艾笛森,2026-06-10 23:13:47,False,,,,,,,,,,,
3593,力銘,2026-06-10 23:13:47,False,,,,,,,,,,,
3607,谷崧,2026-06-10 23:13:47,False,,,,,,,,,,,
3596,智易,2026-06-10 23:13:47,False,,,,,,,,,,,
3622,洋華,2026-06-10 23:13:47,False,,,,,,,,,,,
3617,碩天,2026-06-10 23:13:47,False,,,,,,,,,,,
3605,宏致,2026-06-10 23:13:47,False,,,,,,,,,,,
3652,精聯,2026-06-10 23:13:47,False,,,,,,,,,,,
3645,達邁,2026-06-10 23:13:47,False,,,,,,,,,,,
3665,貿聯-KY,2026-06-10 23:13:47,False,,,,,,,,,,,
3653,健策,2026-06-10 23:13:47,False,,,,,,,,,,,
3661,世芯-KY,2026-06-10 23:13:47,False,,,,,,,,,,,
3701,大眾控,2026-06-10 23:13:47,False,,,,,,,,,,,
3669,圓展,2026-06-10 23:13:47,False,,,,,,,,,,,
3686,達能,2026-06-10 23:13:47,False,,,,,,,,,,,
3702,大聯大,2026-06-10 23:13:47,False,,,,,,,,,,,
3679,新至陞,2026-06-10 23:13:47,False,,,,,,,,,,,
3694,海華,2026-06-10 23:13:47,False,,,,,,,,,,,
3703,欣陸,2026-06-10 23:13:47,False,,,,,,,,,,,
3708,上緯投控,2026-06-10 23:13:47,False,,,,,,,,,,,
3704,合勤控,2026-06-10 23:13:47,False,,,,,,,,,,,
3706,神達,2026-06-10 23:13:47,False,,,,,,,,,,,
3705,永信,2026-06-10 23:13:47,False,,,,,,,,,,,
3712,永崴投控,2026-06-10 23:13:47,False,,,,,,,,,,,
3717,聯嘉投控,2026-06-10 23:13:47,False,,,,,,,,,,,
3714,富采,2026-06-10 23:13:47,False,,,,,,,,,,,
3715,定穎投控,2026-06-10 23:13:47,False,,,,,,,,,,,
3711,日月光投控,2026-06-10 23:13:47,False,,,,,,,,,,,
3716,中化控股,2026-06-10 23:13:47,False,,,,,,,,,,,
4104,佳醫,2026-06-10 23:13:47,False,,,,,,,,,,,
4119,旭富,2026-06-10 23:13:47,False,,,,,,,,,,,
4133,亞諾法,2026-06-10 23:13:47,False,,,,,,,,,,,
4106,雃博,2026-06-10 23:13:47,False,,,,,,,,,,,
4108,懷特,2026-06-10 23:13:47,False,,,,,,,,,,,
4137,麗豐-KY,2026-06-10 23:13:47,False,,,,,,,,,,,
4142,國光生,2026-06-10 23:13:47,False,,,,,,,,,,,
4148,全宇生技-KY,2026-06-10 23:13:47,False,,,,,,,,,,,
4155,訊映,2026-06-10 23:13:47,False,,,,,,,,,,,
4169,泰宗,2026-06-10 23:13:47,False,,,,,,,,,,,
4164,承業醫,2026-06-10 23:13:47,False,,,,,,,,,,,
4190,佐登-KY,2026-06-10 23:13:47,False,,,,,,,,,,,
4178,永笙-KY,2026-06-10 23:13:47,False,,,,,,,,,,,
4426,利勤,2026-06-10 23:13:47,False,,,,,,,,,,,
4306,炎洲,2026-06-10 23:13:47,False,,,,,,,,,,,
4414,如興,2026-06-10 23:13:47,False,,,,,,,,,,,
4532,瑞智,2026-06-10 23:13:47,False,,,,,,,,,,,
4439,冠星-KY,2026-06-10 23:13:47,False,,,,,,,,,,,
4438,廣越,2026-06-10 23:13:47,False,,,,,,,,,,,
4441,振大環球,2026-06-10 23:13:47,False,,,,,,,,,,,
4440,宜新實業,2026-06-10 23:13:47,False,,,,,,,,,,,
4526,東台,2026-06-10 23:13:47,False,,,,,,,,,,,
4552,力達-KY,2026-06-10 23:13:47,False,,,,,,,,,,,
4540,全球傳動,2026-06-10 23:13:47,False,,,,,,,,,,,
4551,智伸科,2026-06-10 23:13:47,False,,,,,,,,,,,
4536,拓凱,2026-06-10 23:13:47,False,,,,,,,,,,,
4545,銘鈺,2026-06-10 23:13:47,False,,,,,,,,,,,
4560,強信-KY,2026-06-10 23:13:47,False,,,,,,,,,,,
4566,時碩工業,2026-06-10 23:13:47,False,,,,,,,,,,,
4555,氣立,2026-06-10 23:13:47,False,,,,,,,,,,,
4564,元翎,2026-06-10 23:13:47,False,,,,,,,,,,,
4557,永新-KY,2026-06-10 23:13:47,False,,,,,,,,,,,
4562,穎漢,2026-06-10 23:13:47,False,,,,,,,,,,,
4569,六方科-KY,2026-06-10 23:13:47,False,,,,,,,,,,,
4571,鈞興-KY,2026-06-10 23:13:47,False,,,,,,,,,,,
4576,大銀微系統,2026-06-10 23:13:47,False,,,,,,,,,,,
4581,光隆精密-KY,2026-06-10 23:13:47,False,,,,,,,,,,,
4572,駐龍,2026-06-10 23:13:47,False,,,,,,,,,,,
4736,泰博,2026-06-10 23:13:47,False,,,,,,,,,,,
4739,康普,2026-06-10 23:13:47,False,,,,,,,,,,,
4585,達明,2026-06-10 23:13:47,False,,,,,,,,,,,
4722,國精化,2026-06-10 23:13:47,False,,,,,,,,,,,
4583,台灣精銳,2026-06-10 23:13:47,False,,,,,,,,,,,
4720,德淵,2026-06-10 23:13:47,False,,,,,,,,,,,
4588,玖鼎電力,2026-06-10 23:13:47,False,,,,,,,,,,,
4737,華廣,2026-06-10 23:13:47,False,,,,,,,,,,,
4763,材料*-KY,2026-06-10 23:13:47,False,,,,,,,,,,,
4755,三福化,2026-06-10 23:13:47,False,,,,,,,,,,,
4746,台耀,2026-06-10 23:13:47,False,,,,,,,,,,,
4770,上品,2026-06-10 23:13:47,False,,,,,,,,,,,
4766,南寶,2026-06-10 23:13:47,False,,,,,,,,,,,
4906,正文,2026-06-10 23:13:47,False,,,,,,,,,,,
4807,日成-KY,2026-06-10 23:13:47,False,,,,,,,,,,,
4764,雙鍵,2026-06-10 23:13:47,False,,,,,,,,,,,
4771,望隼,2026-06-10 23:13:47,False,,,,,,,,,,,
4912,聯德控股-KY,2026-06-10 23:13:47,False,,,,,,,,,,,
4904,遠傳,2026-06-10 23:13:47,False,,,,,,,,,,,
4916,事欣科,2026-06-10 23:13:47,False,,,,,,,,,,,
4919,新唐,2026-06-10 23:13:47,False,,,,,,,,,,,
4915,致伸,2026-06-10 23:13:47,False,,,,,,,,,,,
4934,太極,2026-06-10 23:13:47,False,,,,,,,,,,,
4927,泰鼎-KY,2026-06-10 23:13:47,False,,,,,,,,,,,
4938,和碩,2026-06-10 23:13:47,False,,,,,,,,,,,
4930,燦星網,2026-06-10 23:13:47,False,,,,,,,,,,,
4942,嘉彰,2026-06-10 23:13:47,False,,,,,,,,,,,
4943,康控-KY,2026-06-10 23:13:47,False,,,,,,,,,,,
4949,有成精密,2026-06-10 23:13:47,False,,,,,,,,,,,
4935,茂林-KY,2026-06-10 23:13:47,False,,,,,,,,,,,
4952,凌通,2026-06-10 23:13:47,False,,,,,,,,,,,
4956,光鋐,2026-06-10 23:13:47,False,,,,,,,,,,,
4958,臻鼎-KY,2026-06-10 23:13:47,False,,,,,,,,,,,
4961,天鈺,2026-06-10 23:13:47,False,,,,,,,,,,,
4989,榮科,2026-06-10 23:13:47,False,,,,,,,,,,,
4968,立積,2026-06-10 23:13:47,False,,,,,,,,,,,
4994,傳奇,2026-06-10 23:13:47,False,,,,,,,,,,,
4977,眾達-KY,2026-06-10 23:13:47,False,,,,,,,,,,,
4960,誠美材,2026-06-10 23:13:47,False,,,,,,,,,,,
4967,十銓,2026-06-10 23:13:47,False,,,,,,,,,,,
4976,佳凌,2026-06-10 23:13:47,False,,,,,,,,,,,
4999,鑫禾,2026-06-10 23:13:47,False,,,,,,,,,,,
5007,三星,2026-06-10 23:13:47,False,,,,,,,,,,,
5203,訊連,2026-06-10 23:13:47,False,,,,,,,,,,,
5215,科嘉-KY,2026-06-10 23:13:47,False,,,,,,,,,,,
5269,祥碩,2026-06-10 23:13:47,False,,,,,,,,,,,
5225,東科-KY,2026-06-10 23:13:47,False,,,,,,,,,,,
5234,達興材料,2026-06-10 23:13:47,False,,,,,,,,,,,
5243,乙盛-KY,2026-06-10 23:13:47,False,,,,,,,,,,,
5258,虹堡,2026-06-10 23:13:47,False,,,,,,,,,,,
5222,全訊,2026-06-10 23:13:47,False,,,,,,,,,,,
5244,弘凱,2026-06-10 23:13:47,False,,,,,,,,,,,
5285,界霖,2026-06-10 23:13:47,False,,,,,,,,,,,
5284,jpp-KY,2026-06-10 23:13:47,False,,,,,,,,,,,
5283,禾聯碩,2026-06-10 23:13:47,False,,,,,,,,,,,
5484,慧友,2026-06-10 23:13:47,False,,,,,,,,,,,
5306,桂盟,2026-06-10 23:13:47,False,,,,,,,,,,,
5469,瀚宇博,2026-06-10 23:13:47,False,,,,,,,,,,,
5288,豐祥-KY,2026-06-10 23:13:47,False,,,,,,,,,,,
5292,華懋,2026-06-10 23:13:47,False,,,,,,,,,,,
5471,松翰,2026-06-10 23:13:47,False,,,,,,,,,,,
5434,崇越,2026-06-10 23:13:47,False,,,,,,,,,,,
5388,中磊,2026-06-10 23:13:47,False,,,,,,,,,,,
5521,工信,2026-06-10 23:13:47,False,,,,,,,,,,,
5515,建國,2026-06-10 23:13:47,False,,,,,,,,,,,
5519,隆大,2026-06-10 23:13:47,False,,,,,,,,,,,
5607,遠雄港,2026-06-10 23:13:48,False,,,,,,,,,,,
5534,長虹,2026-06-10 23:13:48,False,,,,,,,,,,,
5522,遠雄,2026-06-10 23:13:48,False,,,,,,,,,,,
5546,永固-KY,2026-06-10 23:13:48,False,,,,,,,,,,,
5525,順天,2026-06-10 23:13:48,False,,,,,,,,,,,
5531,鄉林,2026-06-10 23:13:48,False,,,,,,,,,,,
5538,東明-KY,2026-06-10 23:13:48,False,,,,,,,,,,,
5533,皇鼎,2026-06-10 23:13:48,False,,,,,,,,,,,
5608,四維航,2026-06-10 23:13:48,False,,,,,,,,,,,
5871,中租-KY,2026-06-10 23:13:48,False,,,,,,,,,,,
5706,鳳凰,2026-06-10 23:13:48,False,,,,,,,,,,,
5880,合庫金,2026-06-10 23:13:48,False,,,,,,,,,,,
5907,大洋-KY,2026-06-10 23:13:48,False,,,,,,,,,,,
6112,邁達特,2026-06-10 23:13:48,False,,,,,,,,,,,
6108,競國,2026-06-10 23:13:48,False,,,,,,,,,,,
5906,台南-KY,2026-06-10 23:13:48,False,,,,,,,,,,,
5876,上海商銀,2026-06-10 23:13:48,False,,,,,,,,,,,
6005,群益證,2026-06-10 23:13:48,False,,,,,,,,,,,
6024,群益期,2026-06-10 23:13:48,False,,,,,,,,,,,
6116,彩晶,2026-06-10 23:13:48,False,,,,,,,,,,,
6115,鎰勝,2026-06-10 23:13:48,False,,,,,,,,,,,
6117,迎廣,2026-06-10 23:13:48,False,,,,,,,,,,,
6133,金橋,2026-06-10 23:13:48,False,,,,,,,,,,,
6141,柏承,2026-06-10 23:13:48,False,,,,,,,,,,,
6120,達運,2026-06-10 23:13:48,False,,,,,,,,,,,
6136,富爾特,2026-06-10 23:13:48,False,,,,,,,,,,,
6128,上福,2026-06-10 23:13:48,False,,,,,,,,,,,
6152,百一,2026-06-10 23:13:48,False,,,,,,,,,,,
6142,友勁,2026-06-10 23:13:48,False,,,,,,,,,,,
6139,亞翔,2026-06-10 23:13:48,False,,,,,,,,,,,
6164,華興,2026-06-10 23:13:48,False,,,,,,,,,,,
6155,鈞寶,2026-06-10 23:13:48,False,,,,,,,,,,,
6153,嘉聯益,2026-06-10 23:13:48,False,,,,,,,,,,,
6168,宏齊,2026-06-10 23:13:48,False,,,,,,,,,,,
6176,瑞儀,2026-06-10 23:13:48,False,,,,,,,,,,,
6189,豐藝,2026-06-10 23:13:48,False,,,,,,,,,,,
6177,達麗,2026-06-10 23:13:48,False,,,,,,,,,,,
6165,浪凡,2026-06-10 23:13:48,False,,,,,,,,,,,
6183,關貿,2026-06-10 23:13:48,False,,,,,,,,,,,
6166,凌華,2026-06-10 23:13:48,False,,,,,,,,,,,
6184,大豐電,2026-06-10 23:13:48,False,,,,,,,,,,,
6191,精成科,2026-06-10 23:13:48,False,,,,,,,,,,,
6192,巨路,2026-06-10 23:13:48,False,,,,,,,,,,,
6196,帆宣,2026-06-10 23:13:48,False,,,,,,,,,,,
6197,佳必琪,2026-06-10 23:13:48,False,,,,,,,,,,,
6201,亞弘電,2026-06-10 23:13:48,False,,,,,,,,,,,
6205,詮欣,2026-06-10 23:13:48,False,,,,,,,,,,,
6202,盛群,2026-06-10 23:13:48,False,,,,,,,,,,,
6214,精誠,2026-06-10 23:13:48,False,,,,,,,,,,,
6209,今國光,2026-06-10 23:13:48,False,,,,,,,,,,,
6213,聯茂,2026-06-10 23:13:48,False,,,,,,,,,,,
6206,飛捷,2026-06-10 23:13:48,False,,,,,,,,,,,
6215,和椿,2026-06-10 23:13:48,False,,,,,,,,,,,
6224,聚鼎,2026-06-10 23:13:48,False,,,,,,,,,,,
6226,光鼎,2026-06-10 23:13:48,False,,,,,,,,,,,
6216,居易,2026-06-10 23:13:48,False,,,,,,,,,,,
6225,天瀚,2026-06-10 23:13:48,False,,,,,,,,,,,
6235,華孚,2026-06-10 23:13:48,False,,,,,,,,,,,
6230,尼得科超眾,2026-06-10 23:13:48,False,,,,,,,,,,,
6239,力成,2026-06-10 23:13:48,False,,,,,,,,,,,
6269,台郡,2026-06-10 23:13:48,False,,,,,,,,,,,
6243,迅杰,2026-06-10 23:13:48,False,,,,,,,,,,,
6257,矽格,2026-06-10 23:13:48,False,,,,,,,,,,,
6277,宏正,2026-06-10 23:13:48,False,,,,,,,,,,,
6271,同欣電,2026-06-10 23:13:48,False,,,,,,,,,,,
6281,全國電,2026-06-10 23:13:48,False,,,,,,,,,,,
6278,台表科,2026-06-10 23:13:48,False,,,,,,,,,,,
6272,驊陞,2026-06-10 23:13:48,False,,,,,,,,,,,
6283,淳安,2026-06-10 23:13:48,False,,,,,,,,,,,
6285,啟��,2026-06-10 23:13:48,False,,,,,,,,,,,
6412,群電,2026-06-10 23:13:48,False,,,,,,,,,,,
6282,康舒,2026-06-10 23:13:48,False,,,,,,,,,,,
6409,旭隼,2026-06-10 23:13:48,False,,,,,,,,,,,
6405,悅城,2026-06-10 23:13:48,False,,,,,,,,,,,
6414,樺漢,2026-06-10 23:13:48,False,,,,,,,,,,,
6426,統新,2026-06-10 23:13:48,False,,,,,,,,,,,
6415,矽力*-KY,2026-06-10 23:13:48,False,,,,,,,,,,,
6416,瑞祺電通,2026-06-10 23:13:48,False,,,,,,,,,,,
6431,光麗-KY,2026-06-10 23:13:48,False,,,,,,,,,,,
6446,藥華藥,2026-06-10 23:13:48,False,,,,,,,,,,,
6438,迅得,2026-06-10 23:13:48,False,,,,,,,,,,,
6443,元晶,2026-06-10 23:13:48,False,,,,,,,,,,,
6442,光聖,2026-06-10 23:13:48,False,,,,,,,,,,,
6449,鈺邦,2026-06-10 23:13:48,False,,,,,,,,,,,
6451,訊芯-KY,2026-06-10 23:13:48,False,,,,,,,,,,,
6456,GIS-KY,2026-06-10 23:13:48,False,,,,,,,,,,,
6464,台數科,2026-06-10 23:13:48,False,,,,,,,,,,,
6472,保瑞,2026-06-10 23:13:48,False,,,,,,,,,,,
6477,安集,2026-06-10 23:13:48,False,,,,,,,,,,,
6491,晶碩,2026-06-10 23:13:48,False,,,,,,,,,,,
6505,台塑化,2026-06-10 23:13:48,False,,,,,,,,,,,
6515,穎崴,2026-06-10 23:13:48,False,,,,,,,,,,,
6526,達發,2026-06-10 23:13:48,False,,,,,,,,,,,
6531,愛普*,2026-06-10 23:13:48,False,,,,,,,,,,,
6525,捷敏-KY,2026-06-10 23:13:48,False,,,,,,,,,,,
6504,南六,2026-06-10 23:13:48,False,,,,,,,,,,,
6550,北極星藥業-KY,2026-06-10 23:13:48,False,,,,,,,,,,,
6541,泰福-KY,2026-06-10 23:13:48,False,,,,,,,,,,,
6533,晶心科,2026-06-10 23:13:48,False,,,,,,,,,,,
6558,興能高,2026-06-10 23:13:48,False,,,,,,,,,,,
6552,易華電,2026-06-10 23:13:48,False,,,,,,,,,,,
6579,研揚,2026-06-10 23:13:48,False,,,,,,,,,,,
6589,台康生技,2026-06-10 23:13:48,False,,,,,,,,,,,
6585,鼎基,2026-06-10 23:13:48,False,,,,,,,,,,,
6573,虹揚-KY,2026-06-10 23:13:48,False,,,,,,,,,,,
6581,鋼聯,2026-06-10 23:13:48,False,,,,,,,,,,,
6582,申豐,2026-06-10 23:13:48,False,,,,,,,,,,,
6598,ABC-KY,2026-06-10 23:13:48,False,,,,,,,,,,,
6592,和潤企業,2026-06-10 23:13:48,False,,,,,,,,,,,
6606,建德工業,2026-06-10 23:13:48,False,,,,,,,,,,,
6591,動力-KY,2026-06-10 23:13:48,False,,,,,,,,,,,
6605,帝寶,2026-06-10 23:13:48,False,,,,,,,,,,,
6655,科定,2026-06-10 23:13:48,False,,,,,,,,,,,
6658,聯策,2026-06-10 23:13:48,False,,,,,,,,,,,
6614,資拓宏宇,2026-06-10 23:13:48,False,,,,,,,,,,,
6657,華安,2026-06-10 23:13:48,False,,,,,,,,,,,
6625,必應,2026-06-10 23:13:48,False,,,,,,,,,,,
6641,基士德-KY,2026-06-10 23:13:48,False,,,,,,,,,,,
6669,緯穎,2026-06-10 23:13:48,False,,,,,,,,,,,
6668,中揚光,2026-06-10 23:13:48,False,,,,,,,,,,,
6666,羅麗芬-KY,2026-06-10 23:13:48,False,,,,,,,,,,,
6671,三能-KY,2026-06-10 23:13:48,False,,,,,,,,,,,
6670,復盛應用,2026-06-10 23:13:48,False,,,,,,,,,,,
6672,騰輝電子-KY,2026-06-10 23:13:48,False,,,,,,,,,,,
6698,旭暉應材,2026-06-10 23:13:48,False,,,,,,,,,,,
6695,芯鼎,2026-06-10 23:13:48,False,,,,,,,,,,,
6691,洋基工程,2026-06-10 23:13:48,False,,,,,,,,,,,
6689,伊雲谷,2026-06-10 23:13:48,False,,,,,,,,,,,
6674,鋐寶科技,2026-06-10 23:13:48,False,,,,,,,,,,,
6706,惠特,2026-06-10 23:13:48,False,,,,,,,,,,,
6722,輝創,2026-06-10 23:13:48,False,,,,,,,,,,,
6715,嘉基,2026-06-10 23:13:48,False,,,,,,,,,,,
6742,澤米,2026-06-10 23:13:48,False,,,,,,,,,,,
6719,力智,2026-06-10 23:13:48,False,,,,,,,,,,,
6743,安普新,2026-06-10 23:13:48,False,,,,,,,,,,,
6757,台灣虎航,2026-06-10 23:13:48,False,,,,,,,,,,,
6754,匯僑設計,2026-06-10 23:13:48,False,,,,,,,,,,,
6768,志強-KY,2026-06-10 23:13:48,False,,,,,,,,,,,
6753,龍德造船,2026-06-10 23:13:48,False,,,,,,,,,,,
6756,威鋒電子,2026-06-10 23:13:48,False,,,,,,,,,,,
6776,展�眥篕�,2026-06-10 23:13:48,False,,,,,,,,,,,
6782,視陽,2026-06-10 23:13:48,False,,,,,,,,,,,
6789,采鈺,2026-06-10 23:13:48,False,,,,,,,,,,,
6781,AES-KY,2026-06-10 23:13:48,False,,,,,,,,,,,
6770,力積電,2026-06-10 23:13:48,False,,,,,,,,,,,
6794,向榮生技,2026-06-10 23:13:48,False,,,,,,,,,,,
6805,富世達,2026-06-10 23:13:48,False,,,,,,,,,,,
6790,永豐實,2026-06-10 23:13:48,False,,,,,,,,,,,
6796,晉弘,2026-06-10 23:13:48,False,,,,,,,,,,,
6792,詠業,2026-06-10 23:13:48,False,,,,,,,,,,,
6799,來頡,2026-06-10 23:13:48,False,,,,,,,,,,,
6834,天二科技,2026-06-10 23:13:48,False,,,,,,,,,,,
6806,森崴能源,2026-06-10 23:13:48,False,,,,,,,,,,,
6807,峰源-KY,2026-06-10 23:13:48,False,,,,,,,,,,,
6830,汎銓,2026-06-10 23:13:48,False,,,,,,,,,,,
6831,邁科,2026-06-10 23:13:48,False,,,,,,,,,,,
6835,圓裕,2026-06-10 23:13:48,False,,,,,,,,,,,
6861,睿生光電,2026-06-10 23:13:48,False,,,,,,,,,,,
6838,台新藥,2026-06-10 23:13:48,False,,,,,,,,,,,
6862,三集瑞-KY,2026-06-10 23:13:48,False,,,,,,,,,,,
6869,雲豹能源,2026-06-10 23:13:48,False,,,,,,,,,,,
6863,永道-KY,2026-06-10 23:13:48,False,,,,,,,,,,,
6901,鑽石投資,2026-06-10 23:13:48,False,,,,,,,,,,,
6887,寶綠特-KY,2026-06-10 23:13:48,False,,,,,,,,,,,
6885,全福生技,2026-06-10 23:13:48,False,,,,,,,,,,,
6873,泓德能源,2026-06-10 23:13:48,False,,,,,,,,,,,
6890,來億-KY,2026-06-10 23:13:48,False,,,,,,,,,,,
6906,現觀科,2026-06-10 23:13:48,False,,,,,,,,,,,
6909,創控,2026-06-10 23:13:48,False,,,,,,,,,,,
6916,華凌,2026-06-10 23:13:48,False,,,,,,,,,,,
6914,阜爾運通,2026-06-10 23:13:48,False,,,,,,,,,,,
6918,愛派司,2026-06-10 23:13:48,False,,,,,,,,,,,
6902,GOGOLOOK,2026-06-10 23:13:48,False,,,,,,,,,,,
6933,AMAX-KY,2026-06-10 23:13:48,False,,,,,,,,,,,
6928,攸泰科技,2026-06-10 23:13:48,False,,,,,,,,,,,
6923,中台,2026-06-10 23:13:48,False,,,,,,,,,,,
6919,康霈*,2026-06-10 23:13:48,False,,,,,,,,,,,
6931,青松健康,2026-06-10 23:13:48,False,,,,,,,,,,,
6952,大武山,2026-06-10 23:13:49,False,,,,,,,,,,,
6937,天虹,2026-06-10 23:13:48,False,,,,,,,,,,,
6957,裕慶-KY,2026-06-10 23:13:49,False,,,,,,,,,,,
6936,永鴻生技,2026-06-10 23:13:48,False,,,,,,,,,,,
6934,心誠鎂,2026-06-10 23:13:48,False,,,,,,,,,,,
6944,兆聯實業,2026-06-10 23:13:49,False,,,,,,,,,,,
6965,中傑-KY,2026-06-10 23:13:49,False,,,,,,,,,,,
6962,奕力-KY,2026-06-10 23:13:49,False,,,,,,,,,,,
7705,三商餐飲,2026-06-10 23:13:49,False,,,,,,,,,,,
6958,日盛台駿,2026-06-10 23:13:49,False,,,,,,,,,,,
6994,富威電力,2026-06-10 23:13:49,False,,,,,,,,,,,
7732,金興精密,2026-06-10 23:13:49,False,,,,,,,,,,,
7736,虎山,2026-06-10 23:13:49,False,,,,,,,,,,,
7749,意騰-KY,2026-06-10 23:13:49,False,,,,,,,,,,,
7711,永擎,2026-06-10 23:13:49,False,,,,,,,,,,,
7721,微程式,2026-06-10 23:13:49,False,,,,,,,,,,,
7722,LINEPAY,2026-06-10 23:13:49,False,,,,,,,,,,,
7750,新代,2026-06-10 23:13:49,False,,,,,,,,,,,
7765,中華資安,2026-06-10 23:13:49,False,,,,,,,,,,,
7780,大研生醫*,2026-06-10 23:13:49,False,,,,,,,,,,,
7769,鴻勁,2026-06-10 23:13:49,False,,,,,,,,,,,
7760,享溫馨,2026-06-10 23:13:49,False,,,,,,,,,,,
7768,頌勝科技,2026-06-10 23:13:49,False,,,,,,,,,,,
7799,禾榮科,2026-06-10 23:13:49,False,,,,,,,,,,,
7786,東方風能,2026-06-10 23:13:49,False,,,,,,,,,,,
7795,長廣,2026-06-10 23:13:49,False,,,,,,,,,,,
7791,皇家可口,2026-06-10 23:13:49,False,,,,,,,,,,,
7818,溢泰實業,2026-06-10 23:13:49,False,,,,,,,,,,,
7822,倍利科,2026-06-10 23:13:49,False,,,,,,,,,,,
7788,松川精密,2026-06-10 23:13:49,False,,,,,,,,,,,
8016,矽創,2026-06-10 23:13:49,False,,,,,,,,,,,
8021,尖點,2026-06-10 23:13:49,False,,,,,,,,,,,
8011,台通,2026-06-10 23:13:49,False,,,,,,,,,,,
7821,神數,2026-06-10 23:13:49,False,,,,,,,,,,,
8033,雷虎,2026-06-10 23:13:49,False,,,,,,,,,,,
8070,長華*,2026-06-10 23:13:49,False,,,,,,,,,,,
8046,南電,2026-06-10 23:13:49,False,,,,,,,,,,,
8072,陞泰,2026-06-10 23:13:49,False,,,,,,,,,,,
8028,昇陽半導體,2026-06-10 23:13:49,False,,,,,,,,,,,
8045,達運光電,2026-06-10 23:13:49,False,,,,,,,,,,,
8039,台虹,2026-06-10 23:13:49,False,,,,,,,,,,,
8101,華冠,2026-06-10 23:13:49,False,,,,,,,,,,,
8081,致新,2026-06-10 23:13:49,False,,,,,,,,,,,
8104,錸寶,2026-06-10 23:13:49,False,,,,,,,,,,,
8103,瀚荃,2026-06-10 23:13:49,False,,,,,,,,,,,
8105,凌巨,2026-06-10 23:13:49,False,,,,,,,,,,,
8114,振樺電,2026-06-10 23:13:49,False,,,,,,,,,,,
8163,達方,2026-06-10 23:13:49,False,,,,,,,,,,,
8110,華東,2026-06-10 23:13:49,False,,,,,,,,,,,
8131,福懋科,2026-06-10 23:13:49,False,,,,,,,,,,,
8112,至上,2026-06-10 23:13:49,False,,,,,,,,,,,
8150,南茂,2026-06-10 23:13:49,False,,,,,,,,,,,
8215,明基材,2026-06-10 23:13:49,False,,,,,,,,,,,
8201,無敵,2026-06-10 23:13:49,False,,,,,,,,,,,
8213,志超,2026-06-10 23:13:49,False,,,,,,,,,,,
8210,勤誠,2026-06-10 23:13:49,False,,,,,,,,,,,
8261,富鼎,2026-06-10 23:13:49,False,,,,,,,,,,,
8367,建新國際,2026-06-10 23:13:49,False,,,,,,,,,,,
8222,寶一,2026-06-10 23:13:49,False,,,,,,,,,,,
8271,宇瞻,2026-06-10 23:13:49,False,,,,,,,,,,,
8374,羅昇,2026-06-10 23:13:49,False,,,,,,,,,,,
8249,菱光,2026-06-10 23:13:49,False,,,,,,,,,,,
8341,日友,2026-06-10 23:13:49,False,,,,,,,,,,,
8411,福貞-KY,2026-06-10 23:13:49,False,,,,,,,,,,,
8429,金麗-KY,2026-06-10 23:13:49,False,,,,,,,,,,,
8404,百和興業-KY,2026-06-10 23:13:49,False,,,,,,,,,,,
8422,可寧衛*,2026-06-10 23:13:49,False,,,,,,,,,,,
8462,柏文,2026-06-10 23:13:49,False,,,,,,,,,,,
8464,億豐,2026-06-10 23:13:49,False,,,,,,,,,,,
8438,昶昕,2026-06-10 23:13:49,False,,,,,,,,,,,
8443,阿瘦,2026-06-10 23:13:49,False,,,,,,,,,,,
8454,富邦媒,2026-06-10 23:13:49,False,,,,,,,,,,,
8442,威宏-KY,2026-06-10 23:13:49,False,,,,,,,,,,,
8463,潤泰材,2026-06-10 23:13:49,False,,,,,,,,,,,
8466,美吉吉-KY,2026-06-10 23:13:49,False,,,,,,,,,,,
8476,台境*,2026-06-10 23:13:49,False,,,,,,,,,,,
8467,波力-KY,2026-06-10 23:13:49,False,,,,,,,,,,,
8478,東哥遊艇,2026-06-10 23:13:49,False,,,,,,,,,,,
8473,山林水,2026-06-10 23:13:49,False,,,,,,,,,,,
8482,商億-KY,2026-06-10 23:13:49,False,,,,,,,,,,,
8940,新天地,2026-06-10 23:13:49,False,,,,,,,,,,,
8488,吉源-KY,2026-06-10 23:13:49,False,,,,,,,,,,,
8481,政伸,2026-06-10 23:13:49,False,,,,,,,,,,,
8926,台汽電,2026-06-10 23:13:49,False,,,,,,,,,,,
8499,鼎炫-KY,2026-06-10 23:13:49,False,,,,,,,,,,,
9905,大華,2026-06-10 23:13:49,False,,,,,,,,,,,
9902,台火,2026-06-10 23:13:49,False,,,,,,,,,,,
9802,鈺齊-KY,2026-06-10 23:13:49,False,,,,,,,,,,,
9904,寶成,2026-06-10 23:13:49,False,,,,,,,,,,,
8996,高力,2026-06-10 23:13:49,False,,,,,,,,,,,
9908,大台北,2026-06-10 23:13:49,False,,,,,,,,,,,
9906,欣巴巴,2026-06-10 23:13:49,False,,,,,,,,,,,
9907,統一實,2026-06-10 23:13:49,False,,,,,,,,,,,
9910,豐泰,2026-06-10 23:13:49,False,,,,,,,,,,,
9911,櫻花,2026-06-10 23:13:49,False,,,,,,,,,,,
9912,偉聯,2026-06-10 23:13:49,False,,,,,,,,,,,
9914,美利達,2026-06-10 23:13:49,False,,,,,,,,,,,
9919,康那香,2026-06-10 23:13:49,False,,,,,,,,,,,
9921,巨大,2026-06-10 23:13:49,False,,,,,,,,,,,
9917,中保科,2026-06-10 23:13:49,False,,,,,,,,,,,
9918,欣天然,2026-06-10 23:13:49,False,,,,,,,,,,,
9924,福興,2026-06-10 23:13:49,False,,,,,,,,,,,
9928,中視,2026-06-10 23:13:49,False,,,,,,,,,,,
9925,新保,2026-06-10 23:13:49,False,,,,,,,,,,,
9929,秋雨,2026-06-10 23:13:49,False,,,,,,,,,,,
9927,泰銘,2026-06-10 23:13:49,False,,,,,,,,,,,
9926,新海,2026-06-10 23:13:49,False,,,,,,,,,,,
9935,慶豐富,2026-06-10 23:13:49,False,,,,,,,,,,,
9931,欣高,2026-06-10 23:13:49,False,,,,,,,,,,,
9933,中鼎,2026-06-10 23:13:49,False,,,,,,,,,,,
9930,中聯資源,2026-06-10 23:13:49,False,,,,,,,,,,,
9934,成霖,2026-06-10 23:13:49,False,,,,,,,,,,,
9937,全國,2026-06-10 23:13:49,False,,,,,,,,,,,
9942,茂順,2026-06-10 23:13:49,False,,,,,,,,,,,
9939,宏全,2026-06-10 23:13:49,False,,,,,,,,,,,
9940,信義,2026-06-10 23:13:49,False,,,,,,,,,,,
9938,百和,2026-06-10 23:13:49,False,,,,,,,,,,,
9941,裕融,2026-06-10 23:13:49,False,,,,,,,,,,,
9944,新麗,2026-06-10 23:13:49,False,,,,,,,,,,,
9958,世紀鋼,2026-06-10 23:13:49,False,,,,,,,,,,,
9943,好樂迪,2026-06-10 23:13:49,False,,,,,,,,,,,
9945,潤泰新,2026-06-10 23:13:49,False,,,,,,,,,,,
9946,三發地產,2026-06-10 23:13:49,False,,,,,,,,,,,
9955,佳龍,2026-06-10 23:13:49,False,,,,,,,,,,,
2254,巨鎧精密-創,2026-06-10 23:13:49,False,,,,,,,,,,,
2432,倚天酷��-創,2026-06-10 23:13:49,False,,,,,,,,,,,
4195,基米-創,2026-06-10 23:13:49,False,,,,,,,,,,,
2258,鴻華先進-創,2026-06-10 23:13:49,False,,,,,,,,,,,
3150,鈺寶-創,2026-06-10 23:13:49,False,,,,,,,,,,,
6534,正瀚-創,2026-06-10 23:13:49,False,,,,,,,,,,,
4590,富田-創,2026-06-10 23:13:49,False,,,,,,,,,,,
6771,平和環保-創,2026-06-10 23:13:49,False,,,,,,,,,,,
4582,聚恆-創,2026-06-10 23:13:49,False,,,,,,,,,,,
6645,金萬林-創,2026-06-10 23:13:49,False,,,,,,,,,,,
6854,錼創科技-KY創,2026-06-10 23:13:49,False,,,,,,,,,,,
6921,嘉雨思-創,2026-06-10 23:13:49,False,,,,,,,,,,,
6908,宏�砦C戲-創,2026-06-10 23:13:49,False,,,,,,,,,,,
6951,青新-創,2026-06-10 23:13:49,False,,,,,,,,,,,
6924,榮惠-KY創,2026-06-10 23:13:49,False,,,,,,,,,,,
6949,沛爾生醫-創,2026-06-10 23:13:49,False,,,,,,,,,,,
7730,暉盛-創,2026-06-10 23:13:49,False,,,,,,,,,,,
7610,聯友金屬-創,2026-06-10 23:13:49,False,,,,,,,,,,,
6955,邦睿生技-創,2026-06-10 23:13:49,False,,,,,,,,,,,
7631,聚賢研發-創,2026-06-10 23:13:49,False,,,,,,,,,,,
6988,威力暘-創,2026-06-10 23:13:49,False,,,,,,,,,,,
6969,成信實業*-創,2026-06-10 23:13:49,False,,,,,,,,,,,
8162,微矽電子-創,2026-06-10 23:13:49,False,,,,,,,,,,,
7740,熙特爾-創,2026-06-10 23:13:49,False,,,,,,,,,,,
7803,雲象科技-創,2026-06-10 23:13:49,False,,,,,,,,,,,
7823,奧義賽博-KY創,2026-06-10 23:13:49,False,,,,,,,,,,,
7827,漢康-KY創,2026-06-10 23:13:49,False,,,,,,,,,,,
8487,愛爾達-創,2026-06-10 23:13:49,False,,,,,,,,,,,
1294,漢田生技,2026-06-10 23:13:49,False,,,,,,,,,,,
1240,茂生農經,2026-06-10 23:13:49,False,,,,,,,,,,,
1264,德麥,2026-06-10 23:13:49,False,,,,,,,,,,,
1259,安心,2026-06-10 23:13:49,False,,,,,,,,,,,
1268,漢來美食,2026-06-10 23:13:49,False,,,,,,,,,,,
1565,精華,2026-06-10 23:13:49,False,,,,,,,,,,,
1295,生合,2026-06-10 23:13:49,False,,,,,,,,,,,
1569,濱川,2026-06-10 23:13:49,False,,,,,,,,,,,
1570,力肯,2026-06-10 23:13:49,False,,,,,,,,,,,
1336,台翰,2026-06-10 23:13:49,False,,,,,,,,,,,
1580,新麥,2026-06-10 23:13:49,False,,,,,,,,,,,
1586,和勤,2026-06-10 23:13:49,False,,,,,,,,,,,
1593,祺驊,2026-06-10 23:13:49,False,,,,,,,,,,,
1591,駿吉-KY,2026-06-10 23:13:49,False,,,,,,,,,,,
1584,精剛,2026-06-10 23:13:49,False,,,,,,,,,,,
1595,川寶,2026-06-10 23:13:49,False,,,,,,,,,,,
1784,訊聯,2026-06-10 23:13:50,False,,,,,,,,,,,
1599,宏佳騰,2026-06-10 23:13:50,False,,,,,,,,,,,
1781,合世,2026-06-10 23:13:50,False,,,,,,,,,,,
1777,生泰,2026-06-10 23:13:50,False,,,,,,,,,,,
1742,台蠟,2026-06-10 23:13:50,False,,,,,,,,,,,
1788,杏昌,2026-06-10 23:13:50,False,,,,,,,,,,,
1796,金穎生技,2026-06-10 23:13:50,False,,,,,,,,,,,
1785,光洋科,2026-06-10 23:13:50,False,,,,,,,,,,,
1799,易威,2026-06-10 23:13:50,False,,,,,,,,,,,
1813,寶利徠,2026-06-10 23:13:50,False,,,,,,,,,,,
1815,富喬,2026-06-10 23:13:50,False,,,,,,,,,,,
2061,風青,2026-06-10 23:13:50,False,,,,,,,,,,,
2065,世豐,2026-06-10 23:13:50,False,,,,,,,,,,,
2035,唐榮,2026-06-10 23:13:50,False,,,,,,,,,,,
2063,世鎧,2026-06-10 23:13:50,False,,,,,,,,,,,
2064,晉椿,2026-06-10 23:13:50,False,,,,,,,,,,,
2066,世德,2026-06-10 23:13:50,False,,,,,,,,,,,
2067,嘉鋼,2026-06-10 23:13:50,False,,,,,,,,,,,
2221,大甲,2026-06-10 23:13:50,False,,,,,,,,,,,
2070,精湛,2026-06-10 23:13:50,False,,,,,,,,,,,
2073,雄順,2026-06-10 23:13:50,False,,,,,,,,,,,
2230,泰茂,2026-06-10 23:13:50,False,,,,,,,,,,,
2596,綠意,2026-06-10 23:13:50,False,,,,,,,,,,,
2643,捷迅,2026-06-10 23:13:50,False,,,,,,,,,,,
2641,正德,2026-06-10 23:13:50,False,,,,,,,,,,,
2640,大車隊,2026-06-10 23:13:50,False,,,,,,,,,,,
2719,燦星旅,2026-06-10 23:13:50,False,,,,,,,,,,,
2235,謚源,2026-06-10 23:13:50,False,,,,,,,,,,,
2732,六角,2026-06-10 23:13:50,False,,,,,,,,,,,
2726,雅茗-KY,2026-06-10 23:13:50,False,,,,,,,,,,,
2724,藝舍-KY,2026-06-10 23:13:50,False,,,,,,,,,,,
2718,全心投控,2026-06-10 23:13:50,False,,,,,,,,,,,
2729,瓦城,2026-06-10 23:13:50,False,,,,,,,,,,,
2745,五福,2026-06-10 23:13:50,False,,,,,,,,,,,
2740,華軒,2026-06-10 23:13:50,False,,,,,,,,,,,
2743,山富,2026-06-10 23:13:50,False,,,,,,,,,,,
2754,亞洲藏壽司,2026-06-10 23:13:50,False,,,,,,,,,,,
2734,易飛網,2026-06-10 23:13:50,False,,,,,,,,,,,
2752,豆府,2026-06-10 23:13:50,False,,,,,,,,,,,
2736,富野,2026-06-10 23:13:50,False,,,,,,,,,,,
2751,王座,2026-06-10 23:13:50,False,,,,,,,,,,,
2755,揚秦,2026-06-10 23:13:50,False,,,,,,,,,,,
2916,滿心,2026-06-10 23:13:50,False,,,,,,,,,,,
2756,聯發國際,2026-06-10 23:13:50,False,,,,,,,,,,,
2924,宏太-KY,2026-06-10 23:13:50,False,,,,,,,,,,,
2949,欣新網,2026-06-10 23:13:50,False,,,,,,,,,,,
2948,寶陞,2026-06-10 23:13:50,False,,,,,,,,,,,
2941,米斯特,2026-06-10 23:13:50,False,,,,,,,,,,,
2947,振宇五金,2026-06-10 23:13:50,False,,,,,,,,,,,
3064,泰偉,2026-06-10 23:13:50,False,,,,,,,,,,,
2926,誠品生活,2026-06-10 23:13:50,False,,,,,,,,,,,
2937,集雅社,2026-06-10 23:13:50,False,,,,,,,,,,,
3067,全域,2026-06-10 23:13:50,False,,,,,,,,,,,
3083,網龍,2026-06-10 23:13:50,False,,,,,,,,,,,
3085,新零售,2026-06-10 23:13:50,False,,,,,,,,,,,
3071,協禧,2026-06-10 23:13:50,False,,,,,,,,,,,
3066,李洲,2026-06-10 23:13:50,False,,,,,,,,,,,
3081,聯亞,2026-06-10 23:13:50,False,,,,,,,,,,,
3086,華義*,2026-06-10 23:13:50,False,,,,,,,,,,,
3073,天方能源,2026-06-10 23:13:50,False,,,,,,,,,,,
3078,僑威,2026-06-10 23:13:50,False,,,,,,,,,,,
3088,艾訊,2026-06-10 23:13:50,False,,,,,,,,,,,
3095,及成,2026-06-10 23:13:50,False,,,,,,,,,,,
3093,港建*,2026-06-10 23:13:50,False,,,,,,,,,,,
3105,穩懋,2026-06-10 23:13:50,False,,,,,,,,,,,
3122,笙泉,2026-06-10 23:13:50,False,,,,,,,,,,,
3141,晶宏,2026-06-10 23:13:50,False,,,,,,,,,,,
3114,好德,2026-06-10 23:13:50,False,,,,,,,,,,,
3115,富榮綱,2026-06-10 23:13:50,False,,,,,,,,,,,
3128,昇銳,2026-06-10 23:13:50,False,,,,,,,,,,,
3131,弘塑,2026-06-10 23:13:50,False,,,,,,,,,,,
3118,進階,2026-06-10 23:13:50,False,,,,,,,,,,,
3147,大綜,2026-06-10 23:13:50,False,,,,,,,,,,,
3152,璟德,2026-06-10 23:13:50,False,,,,,,,,,,,
3162,精確,2026-06-10 23:13:50,False,,,,,,,,,,,
3158,嘉實,2026-06-10 23:13:50,False,,,,,,,,,,,
3163,波若威,2026-06-10 23:13:50,False,,,,,,,,,,,
3188,鑫龍騰,2026-06-10 23:13:50,False,,,,,,,,,,,
3191,雲嘉南,2026-06-10 23:13:50,False,,,,,,,,,,,
3176,基亞,2026-06-10 23:13:50,False,,,,,,,,,,,
3169,亞信,2026-06-10 23:13:50,False,,,,,,,,,,,
3171,炎洲流通,2026-06-10 23:13:50,False,,,,,,,,,,,
3178,公準,2026-06-10 23:13:50,False,,,,,,,,,,,
3206,志豐,2026-06-10 23:13:50,False,,,,,,,,,,,
3211,順達,2026-06-10 23:13:50,False,,,,,,,,,,,
3205,佰研,2026-06-10 23:13:50,False,,,,,,,,,,,
3207,耀勝,2026-06-10 23:13:50,False,,,,,,,,,,,
3213,茂訊,2026-06-10 23:13:50,False,,,,,,,,,,,
3221,台嘉碩,2026-06-10 23:13:50,False,,,,,,,,,,,
3217,優群,2026-06-10 23:13:50,False,,,,,,,,,,,
3218,大學光,2026-06-10 23:13:50,False,,,,,,,,,,,
3224,三顧,2026-06-10 23:13:50,False,,,,,,,,,,,
3219,倚強科,2026-06-10 23:13:50,False,,,,,,,,,,,
3226,龍鋒,2026-06-10 23:13:50,False,,,,,,,,,,,
3228,金麗科,2026-06-10 23:13:50,False,,,,,,,,,,,
3230,錦明,2026-06-10 23:13:50,False,,,,,,,,,,,
3227,原相,2026-06-10 23:13:50,False,,,,,,,,,,,
3232,昱捷,2026-06-10 23:13:50,False,,,,,,,,,,,
3234,光環,2026-06-10 23:13:50,False,,,,,,,,,,,
3236,千如,2026-06-10 23:13:50,False,,,,,,,,,,,
3252,海灣,2026-06-10 23:13:50,False,,,,,,,,,,,
3259,鑫創,2026-06-10 23:13:50,False,,,,,,,,,,,
3264,欣銓,2026-06-10 23:13:50,False,,,,,,,,,,,
3260,威剛,2026-06-10 23:13:50,False,,,,,,,,,,,
3265,台星科,2026-06-10 23:13:50,False,,,,,,,,,,,
3268,海德威,2026-06-10 23:13:50,False,,,,,,,,,,,
3276,宇環,2026-06-10 23:13:50,False,,,,,,,,,,,
3272,東碩,2026-06-10 23:13:50,False,,,,,,,,,,,
3284,太普高,2026-06-10 23:13:50,False,,,,,,,,,,,
3285,微端,2026-06-10 23:13:50,False,,,,,,,,,,,
3289,宜特,2026-06-10 23:13:50,False,,,,,,,,,,,
3293,鈊象,2026-06-10 23:13:50,False,,,,,,,,,,,
3287,廣寰科,2026-06-10 23:13:50,False,,,,,,,,,,,
3288,點晶,2026-06-10 23:13:50,False,,,,,,,,,,,
3294,英濟,2026-06-10 23:13:50,False,,,,,,,,,,,
3290,東浦,2026-06-10 23:13:50,False,,,,,,,,,,,
3310,佳穎,2026-06-10 23:13:50,False,,,,,,,,,,,
3297,杭特,2026-06-10 23:13:50,False,,,,,,,,,,,
3306,鼎天,2026-06-10 23:13:50,False,,,,,,,,,,,
3303,岱稜,2026-06-10 23:13:50,False,,,,,,,,,,,
3322,建舜電,2026-06-10 23:13:50,False,,,,,,,,,,,
3324,雙鴻,2026-06-10 23:13:50,False,,,,,,,,,,,
3332,幸康,2026-06-10 23:13:50,False,,,,,,,,,,,
3313,斐成,2026-06-10 23:13:50,False,,,,,,,,,,,
3323,加百裕,2026-06-10 23:13:50,False,,,,,,,,,,,
3317,尼克森,2026-06-10 23:13:50,False,,,,,,,,,,,
3325,旭品,2026-06-10 23:13:50,False,,,,,,,,,,,
3354,律勝,2026-06-10 23:13:50,False,,,,,,,,,,,
3339,泰谷,2026-06-10 23:13:50,False,,,,,,,,,,,
3349,寶德,2026-06-10 23:13:50,False,,,,,,,,,,,
3357,臺慶科,2026-06-10 23:13:50,False,,,,,,,,,,,
3362,先進光,2026-06-10 23:13:50,False,,,,,,,,,,,
3363,上詮,2026-06-10 23:13:50,False,,,,,,,,,,,
3360,尚立,2026-06-10 23:13:50,False,,,,,,,,,,,
3379,彬台,2026-06-10 23:13:50,False,,,,,,,,,,,
3374,精材,2026-06-10 23:13:50,False,,,,,,,,,,,
3372,典範,2026-06-10 23:13:50,False,,,,,,,,,,,
3373,熱映,2026-06-10 23:13:50,False,,,,,,,,,,,
3388,崇越電,2026-06-10 23:13:50,False,,,,,,,,,,,
3430,奇鈦科,2026-06-10 23:13:50,False,,,,,,,,,,,
3390,旭軟,2026-06-10 23:13:50,False,,,,,,,,,,,
3402,漢科,2026-06-10 23:13:50,False,,,,,,,,,,,
3434,哲固,2026-06-10 23:13:50,False,,,,,,,,,,,
3438,類比科,2026-06-10 23:13:50,False,,,,,,,,,,,
3441,聯一光,2026-06-10 23:13:50,False,,,,,,,,,,,
3465,進泰電子,2026-06-10 23:13:50,False,,,,,,,,,,,
3444,利機,2026-06-10 23:13:50,False,,,,,,,,,,,
3466,德晉,2026-06-10 23:13:50,False,,,,,,,,,,,
3455,由田,2026-06-10 23:13:50,False,,,,,,,,,,,
3479,安勤,2026-06-10 23:13:50,False,,,,,,,,,,,
3467,台灣精材,2026-06-10 23:13:50,False,,,,,,,,,,,
3484,崧騰,2026-06-10 23:13:50,False,,,,,,,,,,,
3483,力致,2026-06-10 23:13:50,False,,,,,,,,,,,
3492,長盛,2026-06-10 23:13:50,False,,,,,,,,,,,
3490,單井,2026-06-10 23:13:50,False,,,,,,,,,,,
3485,敘豐,2026-06-10 23:13:50,False,,,,,,,,,,,
3489,森寶,2026-06-10 23:13:50,False,,,,,,,,,,,
3499,環天科,2026-06-10 23:13:50,False,,,,,,,,,,,
3498,陽程,2026-06-10 23:13:50,False,,,,,,,,,,,
3516,亞帝歐,2026-06-10 23:13:50,False,,,,,,,,,,,
3491,昇達科,2026-06-10 23:13:50,False,,,,,,,,,,,
3512,皇龍,2026-06-10 23:13:50,False,,,,,,,,,,,
3511,矽瑪,2026-06-10 23:13:50,False,,,,,,,,,,,
3508,位速,2026-06-10 23:13:50,False,,,,,,,,,,,
3522,御嵿,2026-06-10 23:13:50,False,,,,,,,,,,,
3527,聚積,2026-06-10 23:13:50,False,,,,,,,,,,,
3520,華盈,2026-06-10 23:13:50,False,,,,,,,,,,,
3526,凡甲,2026-06-10 23:13:50,False,,,,,,,,,,,
3521,台鋼建設,2026-06-10 23:13:50,False,,,,,,,,,,,
3523,迎輝,2026-06-10 23:13:50,False,,,,,,,,,,,
3531,先益,2026-06-10 23:13:50,False,,,,,,,,,,,
3546,宇峻,2026-06-10 23:13:50,False,,,,,,,,,,,
3540,曜越,2026-06-10 23:13:50,False,,,,,,,,,,,
3541,西柏,2026-06-10 23:13:50,False,,,,,,,,,,,
3537,堡達,2026-06-10 23:13:50,False,,,,,,,,,,,
3551,世禾,2026-06-10 23:13:50,False,,,,,,,,,,,
3556,禾瑞亞,2026-06-10 23:13:50,False,,,,,,,,,,,
3552,同致,2026-06-10 23:13:50,False,,,,,,,,,,,
3555,博士旺,2026-06-10 23:13:50,False,,,,,,,,,,,
3548,兆利,2026-06-10 23:13:50,False,,,,,,,,,,,
3558,神準,2026-06-10 23:13:50,False,,,,,,,,,,,
3529,力旺,2026-06-10 23:13:50,False,,,,,,,,,,,
3567,逸昌,2026-06-10 23:13:50,False,,,,,,,,,,,
3570,大塚,2026-06-10 23:13:50,False,,,,,,,,,,,
3577,泓格,2026-06-10 23:13:50,False,,,,,,,,,,,
3587,閎康,2026-06-10 23:13:51,False,,,,,,,,,,,
3594,磐儀,2026-06-10 23:13:51,False,,,,,,,,,,,
3625,西勝,2026-06-10 23:13:51,False,,,,,,,,,,,
3628,盈正,2026-06-10 23:13:51,False,,,,,,,,,,,
3624,光頡,2026-06-10 23:13:51,False,,,,,,,,,,,
3629,地心引力,2026-06-10 23:13:51,False,,,,,,,,,,,
3623,富晶通,2026-06-10 23:13:51,False,,,,,,,,,,,
3611,鼎翰,2026-06-10 23:13:51,False,,,,,,,,,,,
3630,新鉅科,2026-06-10 23:13:51,False,,,,,,,,,,,
3631,晟楠,2026-06-10 23:13:51,False,,,,,,,,,,,
3609,三一東林,2026-06-10 23:13:51,False,,,,,,,,,,,
3646,艾恩特,2026-06-10 23:13:51,False,,,,,,,,,,,
3632,研勤,2026-06-10 23:13:51,False,,,,,,,,,,,
3615,安可,2026-06-10 23:13:51,False,,,,,,,,,,,
3666,光耀,2026-06-10 23:13:51,False,,,,,,,,,,,
3663,鑫科,2026-06-10 23:13:51,False,,,,,,,,,,,
3672,康聯訊,2026-06-10 23:13:51,False,,,,,,,,,,,
3664,安瑞-KY,2026-06-10 23:13:51,False,,,,,,,,,,,
3597,映興,2026-06-10 23:13:51,False,,,,,,,,,,,
3680,家登,2026-06-10 23:13:51,False,,,,,,,,,,,
3675,德微,2026-06-10 23:13:51,False,,,,,,,,,,,
3687,歐買尬,2026-06-10 23:13:51,False,,,,,,,,,,,
3580,友威科,2026-06-10 23:13:51,False,,,,,,,,,,,
3691,碩禾,2026-06-10 23:13:51,False,,,,,,,,,,,
3689,湧德,2026-06-10 23:13:51,False,,,,,,,,,,,
3685,元創精密,2026-06-10 23:13:51,False,,,,,,,,,,,
3693,營邦,2026-06-10 23:13:51,False,,,,,,,,,,,
3709,鑫聯大投控,2026-06-10 23:13:51,False,,,,,,,,,,,
3684,榮昌,2026-06-10 23:13:51,False,,,,,,,,,,,
3707,漢磊,2026-06-10 23:13:51,False,,,,,,,,,,,
4109,加捷生醫,2026-06-10 23:13:51,False,,,,,,,,,,,
4107,邦特,2026-06-10 23:13:51,False,,,,,,,,,,,
3713,新晶投控,2026-06-10 23:13:51,False,,,,,,,,,,,
3710,連展投控,2026-06-10 23:13:51,False,,,,,,,,,,,
4102,永日,2026-06-10 23:13:51,False,,,,,,,,,,,
3581,博磊,2026-06-10 23:13:51,False,,,,,,,,,,,
4114,健喬,2026-06-10 23:13:51,False,,,,,,,,,,,
4116,明基醫,2026-06-10 23:13:51,False,,,,,,,,,,,
4120,友華,2026-06-10 23:13:51,False,,,,,,,,,,,
4123,晟德,2026-06-10 23:13:51,False,,,,,,,,,,,
4121,優盛,2026-06-10 23:13:51,False,,,,,,,,,,,
4113,聯上,2026-06-10 23:13:51,False,,,,,,,,,,,
4127,天良,2026-06-10 23:13:51,False,,,,,,,,,,,
4126,太醫,2026-06-10 23:13:51,False,,,,,,,,,,,
4105,東洋,2026-06-10 23:13:51,False,,,,,,,,,,,
4139,馬光-KY,2026-06-10 23:13:51,False,,,,,,,,,,,
4153,鈺緯,2026-06-10 23:13:51,False,,,,,,,,,,,
4131,浩泰,2026-06-10 23:13:51,False,,,,,,,,,,,
4130,健亞,2026-06-10 23:13:51,False,,,,,,,,,,,
3564,其陽,2026-06-10 23:13:50,False,,,,,,,,,,,
4154,樂威科-KY,2026-06-10 23:13:51,False,,,,,,,,,,,
4129,聯合,2026-06-10 23:13:51,False,,,,,,,,,,,
4147,中裕,2026-06-10 23:13:51,False,,,,,,,,,,,
4138,曜亞,2026-06-10 23:13:51,False,,,,,,,,,,,
4128,中天,2026-06-10 23:13:51,False,,,,,,,,,,,
4111,濟生,2026-06-10 23:13:51,False,,,,,,,,,,,
4161,聿新科,2026-06-10 23:13:51,False,,,,,,,,,,,
4166,友霖,2026-06-10 23:13:51,False,,,,,,,,,,,
4163,鐿鈦,2026-06-10 23:13:51,False,,,,,,,,,,,
4162,智擎,2026-06-10 23:13:51,False,,,,,,,,,,,
4160,訊聯基因,2026-06-10 23:13:51,False,,,,,,,,,,,
4157,太景*-KY,2026-06-10 23:13:51,False,,,,,,,,,,,
4174,浩鼎,2026-06-10 23:13:51,False,,,,,,,,,,,
4171,瑞基,2026-06-10 23:13:51,False,,,,,,,,,,,
4167,松瑞藥,2026-06-10 23:13:51,False,,,,,,,,,,,
4173,久裕,2026-06-10 23:13:51,False,,,,,,,,,,,
4168,醣聯,2026-06-10 23:13:51,False,,,,,,,,,,,
4205,中華食,2026-06-10 23:13:51,False,,,,,,,,,,,
4198,欣大健康,2026-06-10 23:13:51,False,,,,,,,,,,,
4188,安克,2026-06-10 23:13:51,False,,,,,,,,,,,
4183,福永生技,2026-06-10 23:13:51,False,,,,,,,,,,,
4175,杏一,2026-06-10 23:13:51,False,,,,,,,,,,,
4192,杏國,2026-06-10 23:13:51,False,,,,,,,,,,,
4303,信立,2026-06-10 23:13:51,False,,,,,,,,,,,
4207,環泰,2026-06-10 23:13:51,False,,,,,,,,,,,
4304,勝昱,2026-06-10 23:13:51,False,,,,,,,,,,,
4305,世坤,2026-06-10 23:13:51,False,,,,,,,,,,,
4402,郡都開發,2026-06-10 23:13:51,False,,,,,,,,,,,
4401,東隆興,2026-06-10 23:13:51,False,,,,,,,,,,,
4406,新昕纖,2026-06-10 23:13:51,False,,,,,,,,,,,
4419,皇家美食,2026-06-10 23:13:51,False,,,,,,,,,,,
4417,金洲,2026-06-10 23:13:51,False,,,,,,,,,,,
4413,飛寶企業,2026-06-10 23:13:51,False,,,,,,,,,,,
4416,三圓,2026-06-10 23:13:51,False,,,,,,,,,,,
4442,竣邦-KY,2026-06-10 23:13:51,False,,,,,,,,,,,
4432,銘旺實,2026-06-10 23:13:51,False,,,,,,,,,,,
4502,健信,2026-06-10 23:13:51,False,,,,,,,,,,,
4420,光明,2026-06-10 23:13:51,False,,,,,,,,,,,
4433,興采,2026-06-10 23:13:51,False,,,,,,,,,,,
4430,耀億,2026-06-10 23:13:51,False,,,,,,,,,,,
4503,金雨,2026-06-10 23:13:51,False,,,,,,,,,,,
4523,永彰,2026-06-10 23:13:51,False,,,,,,,,,,,
4513,福裕,2026-06-10 23:13:51,False,,,,,,,,,,,
4506,崇友,2026-06-10 23:13:51,False,,,,,,,,,,,
4510,高鋒,2026-06-10 23:13:51,False,,,,,,,,,,,
4527,方土霖,2026-06-10 23:13:51,False,,,,,,,,,,,
4528,江興鍛,2026-06-10 23:13:51,False,,,,,,,,,,,
4534,慶騰,2026-06-10 23:13:51,False,,,,,,,,,,,
4529,淳紳,2026-06-10 23:13:51,False,,,,,,,,,,,
4530,宏易,2026-06-10 23:13:51,False,,,,,,,,,,,
4533,協易機,2026-06-10 23:13:51,False,,,,,,,,,,,
4538,大詠城,2026-06-10 23:13:51,False,,,,,,,,,,,
4535,至興,2026-06-10 23:13:51,False,,,,,,,,,,,
4541,晟田,2026-06-10 23:13:51,False,,,,,,,,,,,
4542,科嶠,2026-06-10 23:13:51,False,,,,,,,,,,,
4543,萬在,2026-06-10 23:13:51,False,,,,,,,,,,,
4550,長佳,2026-06-10 23:13:51,False,,,,,,,,,,,
4549,桓達,2026-06-10 23:13:51,False,,,,,,,,,,,
4554,橙的,2026-06-10 23:13:51,False,,,,,,,,,,,
4556,旭然,2026-06-10 23:13:51,False,,,,,,,,,,,
4561,健椿,2026-06-10 23:13:51,False,,,,,,,,,,,
4584,君帆,2026-06-10 23:13:51,False,,,,,,,,,,,
4568,科際精密,2026-06-10 23:13:51,False,,,,,,,,,,,
4577,達航科技,2026-06-10 23:13:51,False,,,,,,,,,,,
4563,百德,2026-06-10 23:13:51,False,,,,,,,,,,,
4558,寶緯,2026-06-10 23:13:51,False,,,,,,,,,,,
4580,捷流閥業,2026-06-10 23:13:51,False,,,,,,,,,,,
4702,中美實,2026-06-10 23:13:51,False,,,,,,,,,,,
4711,永純,2026-06-10 23:13:51,False,,,,,,,,,,,
4714,永捷,2026-06-10 23:13:51,False,,,,,,,,,,,
4707,磐亞,2026-06-10 23:13:51,False,,,,,,,,,,,
4609,唐鋒,2026-06-10 23:13:51,False,,,,,,,,,,,
4706,大恭,2026-06-10 23:13:51,False,,,,,,,,,,,
4721,美琪瑪,2026-06-10 23:13:51,False,,,,,,,,,,,
4729,熒茂,2026-06-10 23:13:51,False,,,,,,,,,,,
4741,泓瀚,2026-06-10 23:13:51,False,,,,,,,,,,,
4728,雙美,2026-06-10 23:13:51,False,,,,,,,,,,,
4743,合一,2026-06-10 23:13:51,False,,,,,,,,,,,
4735,豪展,2026-06-10 23:13:51,False,,,,,,,,,,,
4716,大立,2026-06-10 23:13:51,False,,,,,,,,,,,
4726,永昕,2026-06-10 23:13:51,False,,,,,,,,,,,
4747,強生,2026-06-10 23:13:51,False,,,,,,,,,,,
4749,新應材,2026-06-10 23:13:51,False,,,,,,,,,,,
4744,皇將,2026-06-10 23:13:51,False,,,,,,,,,,,
4745,合富-KY,2026-06-10 23:13:51,False,,,,,,,,,,,
4772,台特化,2026-06-10 23:13:51,False,,,,,,,,,,,
4767,誠泰科技,2026-06-10 23:13:51,False,,,,,,,,,,,
4768,晶呈科技,2026-06-10 23:13:51,False,,,,,,,,,,,
4754,國碳科,2026-06-10 23:13:51,False,,,,,,,,,,,
4760,勤凱,2026-06-10 23:13:51,False,,,,,,,,,,,
4806,桂田文創,2026-06-10 23:13:51,False,,,,,,,,,,,
4804,大略-KY,2026-06-10 23:13:51,False,,,,,,,,,,,
4907,富宇,2026-06-10 23:13:52,False,,,,,,,,,,,
4905,台聯電,2026-06-10 23:13:52,False,,,,,,,,,,,
4903,聯光通,2026-06-10 23:13:52,False,,,,,,,,,,,
4908,前鼎,2026-06-10 23:13:52,False,,,,,,,,,,,
4923,力士,2026-06-10 23:13:52,False,,,,,,,,,,,
4931,新盛力,2026-06-10 23:13:52,False,,,,,,,,,,,
4909,新復興,2026-06-10 23:13:52,False,,,,,,,,,,,
4939,亞電,2026-06-10 23:13:52,False,,,,,,,,,,,
4924,欣厚-KY,2026-06-10 23:13:52,False,,,,,,,,,,,
4911,德英,2026-06-10 23:13:52,False,,,,,,,,,,,
4933,友輝,2026-06-10 23:13:52,False,,,,,,,,,,,
4950,金耘國際,2026-06-10 23:13:52,False,,,,,,,,,,,
4946,辣椒,2026-06-10 23:13:52,False,,,,,,,,,,,
4953,緯軟,2026-06-10 23:13:52,False,,,,,,,,,,,
4951,精拓科,2026-06-10 23:13:52,False,,,,,,,,,,,
4972,湯石照明,2026-06-10 23:13:52,False,,,,,,,,,,,
4966,譜瑞-KY,2026-06-10 23:13:52,False,,,,,,,,,,,
4991,環宇-KY,2026-06-10 23:13:52,False,,,,,,,,,,,
4971,IET-KY,2026-06-10 23:13:52,False,,,,,,,,,,,
4974,亞泰,2026-06-10 23:13:52,False,,,,,,,,,,,
4979,華星光,2026-06-10 23:13:52,False,,,,,,,,,,,
5009,榮剛,2026-06-10 23:13:52,False,,,,,,,,,,,
5011,久陽,2026-06-10 23:13:52,False,,,,,,,,,,,
5013,強新,2026-06-10 23:13:52,False,,,,,,,,,,,
4995,晶達,2026-06-10 23:13:52,False,,,,,,,,,,,
4973,廣穎,2026-06-10 23:13:52,False,,,,,,,,,,,
5015,華祺,2026-06-10 23:13:52,False,,,,,,,,,,,
5016,松和,2026-06-10 23:13:52,False,,,,,,,,,,,
5205,中茂,2026-06-10 23:13:52,False,,,,,,,,,,,
5201,凱衛,2026-06-10 23:13:52,False,,,,,,,,,,,
5014,建錩,2026-06-10 23:13:52,False,,,,,,,,,,,
5202,力新,2026-06-10 23:13:52,False,,,,,,,,,,,
5209,新鼎,2026-06-10 23:13:52,False,,,,,,,,,,,
5212,凌網,2026-06-10 23:13:52,False,,,,,,,,,,,
5206,坤悅,2026-06-10 23:13:52,False,,,,,,,,,,,
5210,寶碩,2026-06-10 23:13:52,False,,,,,,,,,,,
5211,蒙恬,2026-06-10 23:13:52,False,,,,,,,,,,,
5220,萬達光電,2026-06-10 23:13:52,False,,,,,,,,,,,
5227,立凱-KY,2026-06-10 23:13:52,False,,,,,,,,,,,
5223,安力-KY,2026-06-10 23:13:52,False,,,,,,,,,,,
5213,亞昕,2026-06-10 23:13:52,False,,,,,,,,,,,
5230,雷笛克光學,2026-06-10 23:13:52,False,,,,,,,,,,,
5228,鈺鎧,2026-06-10 23:13:52,False,,,,,,,,,,,
5245,智晶,2026-06-10 23:13:52,False,,,,,,,,,,,
5251,天鉞電,2026-06-10 23:13:52,False,,,,,,,,,,,
5236,凌陽創新,2026-06-10 23:13:52,False,,,,,,,,,,,
5272,笙科,2026-06-10 23:13:52,False,,,,,,,,,,,
5263,智崴,2026-06-10 23:13:52,False,,,,,,,,,,,
5276,達輝-KY,2026-06-10 23:13:52,False,,,,,,,,,,,
5278,尚凡*,2026-06-10 23:13:52,False,,,,,,,,,,,
5274,信驊,2026-06-10 23:13:52,False,,,,,,,,,,,
5291,邑昇,2026-06-10 23:13:52,False,,,,,,,,,,,
5289,宜鼎,2026-06-10 23:13:52,False,,,,,,,,,,,
5287,數字,2026-06-10 23:13:52,False,,,,,,,,,,,
5299,杰力,2026-06-10 23:13:52,False,,,,,,,,,,,
5310,天剛,2026-06-10 23:13:52,False,,,,,,,,,,,
5302,太欣,2026-06-10 23:13:52,False,,,,,,,,,,,
5309,系統電,2026-06-10 23:13:52,False,,,,,,,,,,,
5301,寶得利,2026-06-10 23:13:52,False,,,,,,,,,,,
5324,士開,2026-06-10 23:13:52,False,,,,,,,,,,,
5312,寶島科,2026-06-10 23:13:52,False,,,,,,,,,,,
5328,華容,2026-06-10 23:13:52,False,,,,,,,,,,,
5314,世紀*,2026-06-10 23:13:52,False,,,,,,,,,,,
5315,光聯,2026-06-10 23:13:52,False,,,,,,,,,,,
5321,美而快,2026-06-10 23:13:52,False,,,,,,,,,,,
5340,建榮,2026-06-10 23:13:52,False,,,,,,,,,,,
5348,正能量智能,2026-06-10 23:13:52,False,,,,,,,,,,,
5345,馥鴻,2026-06-10 23:13:52,False,,,,,,,,,,,
5344,立衛,2026-06-10 23:13:52,False,,,,,,,,,,,
5347,世界,2026-06-10 23:13:52,False,,,,,,,,,,,
5353,台林,2026-06-10 23:13:52,False,,,,,,,,,,,
5355,佳總,2026-06-10 23:13:52,False,,,,,,,,,,,
5364,力麗店,2026-06-10 23:13:52,False,,,,,,,,,,,
5351,鈺創,2026-06-10 23:13:52,False,,,,,,,,,,,
5371,中光電,2026-06-10 23:13:52,False,,,,,,,,,,,
5381,光譜,2026-06-10 23:13:52,False,,,,,,,,,,,
5356,協益,2026-06-10 23:13:52,False,,,,,,,,,,,
5403,中菲,2026-06-10 23:13:52,False,,,,,,,,,,,
5398,慕康生醫,2026-06-10 23:13:52,False,,,,,,,,,,,
5392,能率,2026-06-10 23:13:52,False,,,,,,,,,,,
5386,青雲,2026-06-10 23:13:52,False,,,,,,,,,,,
5432,新門,2026-06-10 23:13:52,False,,,,,,,,,,,
5410,國眾,2026-06-10 23:13:52,False,,,,,,,,,,,
5438,東友,2026-06-10 23:13:52,False,,,,,,,,,,,
5443,均豪,2026-06-10 23:13:52,False,,,,,,,,,,,
5426,振發,2026-06-10 23:13:52,False,,,,,,,,,,,
5439,高技,2026-06-10 23:13:52,False,,,,,,,,,,,
5425,台半,2026-06-10 23:13:52,False,,,,,,,,,,,
5452,佶優,2026-06-10 23:13:52,False,,,,,,,,,,,
5450,南良,2026-06-10 23:13:52,False,,,,,,,,,,,
5457,宣德,2026-06-10 23:13:52,False,,,,,,,,,,,
5455,昇益,2026-06-10 23:13:52,False,,,,,,,,,,,
5464,霖宏,2026-06-10 23:13:52,False,,,,,,,,,,,
5465,富驊,2026-06-10 23:13:52,False,,,,,,,,,,,
5474,聰泰,2026-06-10 23:13:52,False,,,,,,,,,,,
5478,智冠,2026-06-10 23:13:52,False,,,,,,,,,,,
5475,德宏,2026-06-10 23:13:52,False,,,,,,,,,,,
5468,凱鈺,2026-06-10 23:13:52,False,,,,,,,,,,,
5481,新華,2026-06-10 23:13:52,False,,,,,,,,,,,
5483,中美晶,2026-06-10 23:13:52,False,,,,,,,,,,,
5487,通泰,2026-06-10 23:13:52,False,,,,,,,,,,,
5488,松普,2026-06-10 23:13:52,False,,,,,,,,,,,
5460,同協,2026-06-10 23:13:52,False,,,,,,,,,,,
5508,永信建,2026-06-10 23:13:52,False,,,,,,,,,,,
5490,同亨,2026-06-10 23:13:52,False,,,,,,,,,,,
5489,彩富,2026-06-10 23:13:52,False,,,,,,,,,,,
5493,三聯,2026-06-10 23:13:52,False,,,,,,,,,,,
5511,德昌,2026-06-10 23:13:52,False,,,,,,,,,,,
5498,凱崴,2026-06-10 23:13:52,False,,,,,,,,,,,
5512,力麒,2026-06-10 23:13:52,False,,,,,,,,,,,
5516,雙喜,2026-06-10 23:13:52,False,,,,,,,,,,,
5523,豐謙,2026-06-10 23:13:52,False,,,,,,,,,,,
5514,三豐,2026-06-10 23:13:52,False,,,,,,,,,,,
5548,安倉,2026-06-10 23:13:52,False,,,,,,,,,,,
5543,桓鼎-KY,2026-06-10 23:13:52,False,,,,,,,,,,,
5536,聖暉*,2026-06-10 23:13:52,False,,,,,,,,,,,
5530,龍巖,2026-06-10 23:13:52,False,,,,,,,,,,,
5547,久舜,2026-06-10 23:13:52,False,,,,,,,,,,,
5529,鉅陞,2026-06-10 23:13:52,False,,,,,,,,,,,
5601,台聯櫃,2026-06-10 23:13:52,False,,,,,,,,,,,
5604,中連,2026-06-10 23:13:52,False,,,,,,,,,,,
5703,亞都,2026-06-10 23:13:52,False,,,,,,,,,,,
5609,中菲行,2026-06-10 23:13:52,False,,,,,,,,,,,
5603,陸海,2026-06-10 23:13:52,False,,,,,,,,,,,
5704,老爺知,2026-06-10 23:13:52,False,,,,,,,,,,,
5878,台名,2026-06-10 23:13:52,False,,,,,,,,,,,
5902,德記,2026-06-10 23:13:52,False,,,,,,,,,,,
5864,致和證,2026-06-10 23:13:52,False,,,,,,,,,,,
5904,寶雅,2026-06-10 23:13:52,False,,,,,,,,,,,
5905,南仁湖,2026-06-10 23:13:52,False,,,,,,,,,,,
6016,康和證,2026-06-10 23:13:52,False,,,,,,,,,,,
6015,宏遠證,2026-06-10 23:13:52,False,,,,,,,,,,,
6103,合邦,2026-06-10 23:13:52,False,,,,,,,,,,,
6101,寬魚國際,2026-06-10 23:13:52,False,,,,,,,,,,,
5520,力泰,2026-06-10 23:13:52,False,,,,,,,,,,,
6021,美好證,2026-06-10 23:13:52,False,,,,,,,,,,,
6028,公勝保經,2026-06-10 23:13:52,False,,,,,,,,,,,
6104,創惟,2026-06-10 23:13:52,False,,,,,,,,,,,
6026,福邦證,2026-06-10 23:13:52,False,,,,,,,,,,,
6113,亞矽,2026-06-10 23:13:52,False,,,,,,,,,,,
6023,元大期,2026-06-10 23:13:52,False,,,,,,,,,,,
6114,久威,2026-06-10 23:13:52,False,,,,,,,,,,,
6109,亞元,2026-06-10 23:13:52,False,,,,,,,,,,,
6111,光聚晶電,2026-06-10 23:13:52,False,,,,,,,,,,,
6121,新普,2026-06-10 23:13:52,False,,,,,,,,,,,
5701,劍湖山,2026-06-10 23:13:52,False,,,,,,,,,,,
6118,建達,2026-06-10 23:13:52,False,,,,,,,,,,,
6124,業強,2026-06-10 23:13:52,False,,,,,,,,,,,
6122,擎邦,2026-06-10 23:13:52,False,,,,,,,,,,,
6138,茂達,2026-06-10 23:13:53,False,,,,,,,,,,,
6123,上奇,2026-06-10 23:13:52,False,,,,,,,,,,,
6127,九豪,2026-06-10 23:13:52,False,,,,,,,,,,,
6140,訊達,2026-06-10 23:13:53,False,,,,,,,,,,,
6020,大展證,2026-06-10 23:13:52,False,,,,,,,,,,,
6129,普誠,2026-06-10 23:13:52,False,,,,,,,,,,,
6125,廣運,2026-06-10 23:13:52,False,,,,,,,,,,,
6134,萬旭,2026-06-10 23:13:52,False,,,,,,,,,,,
6130,上亞科技,2026-06-10 23:13:52,False,,,,,,,,,,,
6146,耕興,2026-06-10 23:13:53,False,,,,,,,,,,,
6144,得利影,2026-06-10 23:13:53,False,,,,,,,,,,,
6143,振曜,2026-06-10 23:13:53,False,,,,,,,,,,,
6126,信音,2026-06-10 23:13:52,False,,,,,,,,,,,
6151,晉倫,2026-06-10 23:13:53,False,,,,,,,,,,,
6147,頎邦,2026-06-10 23:13:53,False,,,,,,,,,,,
6150,撼訊,2026-06-10 23:13:53,False,,,,,,,,,,,
6156,松上,2026-06-10 23:13:53,False,,,,,,,,,,,
6154,順發,2026-06-10 23:13:53,False,,,,,,,,,,,
6148,驊宏資,2026-06-10 23:13:53,False,,,,,,,,,,,
6158,禾昌,2026-06-10 23:13:53,False,,,,,,,,,,,
5903,全家,2026-06-10 23:13:52,False,,,,,,,,,,,
6174,安��,2026-06-10 23:13:53,False,,,,,,,,,,,
6175,立敦,2026-06-10 23:13:53,False,,,,,,,,,,,
6169,昱泉,2026-06-10 23:13:53,False,,,,,,,,,,,
6167,久正,2026-06-10 23:13:53,False,,,,,,,,,,,
6171,大城地產,2026-06-10 23:13:53,False,,,,,,,,,,,
6170,統振,2026-06-10 23:13:53,False,,,,,,,,,,,
6161,捷波,2026-06-10 23:13:53,False,,,,,,,,,,,
6160,欣技,2026-06-10 23:13:53,False,,,,,,,,,,,
6179,亞通,2026-06-10 23:13:53,False,,,,,,,,,,,
6186,新潤,2026-06-10 23:13:53,False,,,,,,,,,,,
6185,幃翔,2026-06-10 23:13:53,False,,,,,,,,,,,
6180,橘子,2026-06-10 23:13:53,False,,,,,,,,,,,
6182,合晶,2026-06-10 23:13:53,False,,,,,,,,,,,
6194,育富,2026-06-10 23:13:53,False,,,,,,,,,,,
6173,信昌電,2026-06-10 23:13:53,False,,,,,,,,,,,
6195,詩肯,2026-06-10 23:13:53,False,,,,,,,,,,,
6163,華電網,2026-06-10 23:13:53,False,,,,,,,,,,,
6207,雷科,2026-06-10 23:13:53,False,,,,,,,,,,,
6208,日揚,2026-06-10 23:13:53,False,,,,,,,,,,,
6210,慶生,2026-06-10 23:13:53,False,,,,,,,,,,,
6190,萬泰科,2026-06-10 23:13:53,False,,,,,,,,,,,
6188,廣明,2026-06-10 23:13:53,False,,,,,,,,,,,
6187,萬潤,2026-06-10 23:13:53,False,,,,,,,,,,,
6203,海韻電,2026-06-10 23:13:53,False,,,,,,,,,,,
6204,艾華,2026-06-10 23:13:53,False,,,,,,,,,,,
6198,瑞築,2026-06-10 23:13:53,False,,,,,,,,,,,
6199,天品,2026-06-10 23:13:53,False,,,,,,,,,,,
6217,中探針,2026-06-10 23:13:53,False,,,,,,,,,,,
6218,豪勉,2026-06-10 23:13:53,False,,,,,,,,,,,
6220,岳豐,2026-06-10 23:13:53,False,,,,,,,,,,,
6221,晉泰,2026-06-10 23:13:53,False,,,,,,,,,,,
6227,茂綸,2026-06-10 23:13:53,False,,,,,,,,,,,
6223,旺矽,2026-06-10 23:13:53,False,,,,,,,,,,,
6229,研通,2026-06-10 23:13:53,False,,,,,,,,,,,
6228,全譜,2026-06-10 23:13:53,False,,,,,,,,,,,
6219,富旺,2026-06-10 23:13:53,False,,,,,,,,,,,
6222,立軒,2026-06-10 23:13:53,False,,,,,,,,,,,
6231,系微,2026-06-10 23:13:53,False,,,,,,,,,,,
6236,中湛,2026-06-10 23:13:53,False,,,,,,,,,,,
6234,高僑,2026-06-10 23:13:53,False,,,,,,,,,,,
6237,驊訊,2026-06-10 23:13:53,False,,,,,,,,,,,
6233,旺玖,2026-06-10 23:13:53,False,,,,,,,,,,,
6240,松崗,2026-06-10 23:13:53,False,,,,,,,,,,,
6246,臺龍,2026-06-10 23:13:53,False,,,,,,,,,,,
6244,茂迪,2026-06-10 23:13:53,False,,,,,,,,,,,
6245,立端,2026-06-10 23:13:53,False,,,,,,,,,,,
6241,鑫永洋,2026-06-10 23:13:53,False,,,,,,,,,,,
6242,立康,2026-06-10 23:13:53,False,,,,,,,,,,,
6263,普萊德,2026-06-10 23:13:53,False,,,,,,,,,,,
6259,百徽,2026-06-10 23:13:53,False,,,,,,,,,,,
6261,久元,2026-06-10 23:13:53,False,,,,,,,,,,,
6264,富裔,2026-06-10 23:13:54,False,,,,,,,,,,,
6212,理銘,2026-06-10 23:13:53,False,,,,,,,,,,,
6276,安鈦克,2026-06-10 23:13:54,False,,,,,,,,,,,
6275,元山,2026-06-10 23:13:54,False,,,,,,,,,,,
6270,倍微,2026-06-10 23:13:54,False,,,,,,,,,,,
6274,台燿,2026-06-10 23:13:54,False,,,,,,,,,,,
6279,胡連,2026-06-10 23:13:54,False,,,,,,,,,,,
6290,良維,2026-06-10 23:13:54,False,,,,,,,,,,,
6284,佳邦,2026-06-10 23:13:54,False,,,,,,,,,,,
6291,沛亨,2026-06-10 23:13:54,False,,,,,,,,,,,
6265,方土昶,2026-06-10 23:13:54,False,,,,,,,,,,,
6411,晶焱,2026-06-10 23:13:54,False,,,,,,,,,,,
6419,京晨科,2026-06-10 23:13:54,False,,,,,,,,,,,
6248,沛波,2026-06-10 23:13:53,False,,,,,,,,,,,
6423,億而得,2026-06-10 23:13:54,False,,,,,,,,,,,
6432,今展科,2026-06-10 23:13:54,False,,,,,,,,,,,
6425,易發,2026-06-10 23:13:54,False,,,,,,,,,,,
6462,神盾,2026-06-10 23:13:54,False,,,,,,,,,,,
6417,韋僑,2026-06-10 23:13:54,False,,,,,,,,,,,
6441,廣錠,2026-06-10 23:13:54,False,,,,,,,,,,,
6294,智基,2026-06-10 23:13:54,False,,,,,,,,,,,
6469,大樹,2026-06-10 23:13:54,False,,,,,,,,,,,
6465,威潤,2026-06-10 23:13:54,False,,,,,,,,,,,
6474,華豫寧,2026-06-10 23:13:54,False,,,,,,,,,,,
6266,泰詠,2026-06-10 23:13:54,False,,,,,,,,,,,
6292,迅德,2026-06-10 23:13:54,False,,,,,,,,,,,
6461,益得,2026-06-10 23:13:54,False,,,,,,,,,,,
6485,點序,2026-06-10 23:13:54,False,,,,,,,,,,,
6470,宇智,2026-06-10 23:13:54,False,,,,,,,,,,,
6482,弘煜科,2026-06-10 23:13:54,False,,,,,,,,,,,
6488,環球晶,2026-06-10 23:13:54,False,,,,,,,,,,,
6418,詠昇,2026-06-10 23:13:54,False,,,,,,,,,,,
6494,九齊,2026-06-10 23:13:54,False,,,,,,,,,,,
6492,生華科,2026-06-10 23:13:54,False,,,,,,,,,,,
6486,互動,2026-06-10 23:13:54,False,,,,,,,,,,,
6498,久禾光,2026-06-10 23:13:54,False,,,,,,,,,,,
6508,惠光,2026-06-10 23:13:54,False,,,,,,,,,,,
6496,科懋,2026-06-10 23:13:54,False,,,,,,,,,,,
6506,雙邦,2026-06-10 23:13:54,False,,,,,,,,,,,
6499,益安,2026-06-10 23:13:54,False,,,,,,,,,,,
6509,聚和,2026-06-10 23:13:54,False,,,,,,,,,,,
6516,勤崴國際,2026-06-10 23:13:54,False,,,,,,,,,,,
6510,精測,2026-06-10 23:13:54,False,,,,,,,,,,,
6512,啟發電,2026-06-10 23:13:54,False,,,,,,,,,,,
6517,保勝光學,2026-06-10 23:13:54,False,,,,,,,,,,,
6535,順藥,2026-06-10 23:13:54,False,,,,,,,,,,,
6527,明達醫,2026-06-10 23:13:54,False,,,,,,,,,,,
6523,達爾膚,2026-06-10 23:13:54,False,,,,,,,,,,,
6530,創威,2026-06-10 23:13:54,False,,,,,,,,,,,
6548,長科*,2026-06-10 23:13:54,False,,,,,,,,,,,
6546,正基,2026-06-10 23:13:54,False,,,,,,,,,,,
6547,高端疫苗,2026-06-10 23:13:54,False,,,,,,,,,,,
6538,倉和,2026-06-10 23:13:54,False,,,,,,,,,,,
6542,隆中,2026-06-10 23:13:54,False,,,,,,,,,,,
6556,勝品,2026-06-10 23:13:54,False,,,,,,,,,,,
6568,宏觀,2026-06-10 23:13:54,False,,,,,,,,,,,
6560,欣普羅,2026-06-10 23:13:54,False,,,,,,,,,,,
6561,是方,2026-06-10 23:13:54,False,,,,,,,,,,,
6574,霈方,2026-06-10 23:13:54,False,,,,,,,,,,,
6570,維田,2026-06-10 23:13:54,False,,,,,,,,,,,
6577,勁豐,2026-06-10 23:13:54,False,,,,,,,,,,,
6576,逸達,2026-06-10 23:13:54,False,,,,,,,,,,,
6569,醫揚,2026-06-10 23:13:54,False,,,,,,,,,,,
6578,達邦蛋白,2026-06-10 23:13:54,False,,,,,,,,,,,
6590,普鴻,2026-06-10 23:13:54,False,,,,,,,,,,,
6588,東典光電,2026-06-10 23:13:54,False,,,,,,,,,,,
6584,南俊國際,2026-06-10 23:13:54,False,,,,,,,,,,,
6596,寬宏藝術,2026-06-10 23:13:54,False,,,,,,,,,,,
6603,富強鑫,2026-06-10 23:13:54,False,,,,,,,,,,,
6609,瀧澤科,2026-06-10 23:13:54,False,,,,,,,,,,,
6597,立誠,2026-06-10 23:13:54,False,,,,,,,,,,,
6593,台灣銘板,2026-06-10 23:13:54,False,,,,,,,,,,,
6615,慧智,2026-06-10 23:13:54,False,,,,,,,,,,,
6532,瑞耘,2026-06-10 23:13:54,False,,,,,,,,,,,
6613,朋億*,2026-06-10 23:13:54,False,,,,,,,,,,,
6616,特昇-KY,2026-06-10 23:13:54,False,,,,,,,,,,,
6612,奈米醫材,2026-06-10 23:13:54,False,,,,,,,,,,,
6617,共信-KY,2026-06-10 23:13:54,False,,,,,,,,,,,
6637,醫影,2026-06-10 23:13:54,False,,,,,,,,,,,
6620,漢達,2026-06-10 23:13:54,False,,,,,,,,,,,
6624,萬年清,2026-06-10 23:13:54,False,,,,,,,,,,,
6629,泰金-KY,2026-06-10 23:13:54,False,,,,,,,,,,,
6649,台生材,2026-06-10 23:13:54,False,,,,,,,,,,,
6435,大中,2026-06-10 23:13:54,False,,,,,,,,,,,
6640,均華,2026-06-10 23:13:54,False,,,,,,,,,,,
6651,全宇昕,2026-06-10 23:13:54,False,,,,,,,,,,,
6643,M31,2026-06-10 23:13:54,False,,,,,,,,,,,
6661,威健生技,2026-06-10 23:13:54,False,,,,,,,,,,,
6662,樂斯科,2026-06-10 23:13:54,False,,,,,,,,,,,
6680,鑫創電子,2026-06-10 23:13:54,False,,,,,,,,,,,
6683,雍智科技,2026-06-10 23:13:54,False,,,,,,,,,,,
6684,安格,2026-06-10 23:13:54,False,,,,,,,,,,,
6690,安�硌穈T,2026-06-10 23:13:54,False,,,,,,,,,,,
6679,鈺太,2026-06-10 23:13:54,False,,,,,,,,,,,
6667,信紘科,2026-06-10 23:13:54,False,,,,,,,,,,,
6664,群翊,2026-06-10 23:13:54,False,,,,,,,,,,,
6692,進能服,2026-06-10 23:13:54,False,,,,,,,,,,,
6703,軒郁,2026-06-10 23:13:54,False,,,,,,,,,,,
6654,天正國際,2026-06-10 23:13:54,False,,,,,,,,,,,
6708,天擎,2026-06-10 23:13:54,False,,,,,,,,,,,
6712,長聖,2026-06-10 23:13:54,False,,,,,,,,,,,
6725,矽科宏晟,2026-06-10 23:13:54,False,,,,,,,,,,,
6697,東捷資訊,2026-06-10 23:13:54,False,,,,,,,,,,,
6642,富致,2026-06-10 23:13:54,False,,,,,,,,,,,
6693,廣閎科,2026-06-10 23:13:54,False,,,,,,,,,,,
6716,應廣,2026-06-10 23:13:54,False,,,,,,,,,,,
6720,久昌,2026-06-10 23:13:54,False,,,,,,,,,,,
6721,信實,2026-06-10 23:13:54,False,,,,,,,,,,,
6732,昇佳電子,2026-06-10 23:13:55,False,,,,,,,,,,,
6728,上洋,2026-06-10 23:13:55,False,,,,,,,,,,,
6730,常廣,2026-06-10 23:13:55,False,,,,,,,,,,,
6727,亞泰金屬,2026-06-10 23:13:55,False,,,,,,,,,,,
6733,博晟生醫,2026-06-10 23:13:55,False,,,,,,,,,,,
6735,美達科技,2026-06-10 23:13:55,False,,,,,,,,,,,
6752,叡揚,2026-06-10 23:13:55,False,,,,,,,,,,,
6761,穩得,2026-06-10 23:13:55,False,,,,,,,,,,,
6739,竹陞科技,2026-06-10 23:13:55,False,,,,,,,,,,,
6751,智聯服務,2026-06-10 23:13:55,False,,,,,,,,,,,
6762,達亞,2026-06-10 23:13:55,False,,,,,,,,,,,
6741,91APP*-KY,2026-06-10 23:13:55,False,,,,,,,,,,,
6763,綠界科技*,2026-06-10 23:13:55,False,,,,,,,,,,,
6788,華景電,2026-06-10 23:13:55,False,,,,,,,,,,,
6791,虎門科技,2026-06-10 23:13:55,False,,,,,,,,,,,
6767,台微醫,2026-06-10 23:13:55,False,,,,,,,,,,,
6785,昱展新藥,2026-06-10 23:13:55,False,,,,,,,,,,,
6823,濾能,2026-06-10 23:13:55,False,,,,,,,,,,,
6821,聯寶,2026-06-10 23:13:55,False,,,,,,,,,,,
6811,宏�硌穈T,2026-06-10 23:13:55,False,,,,,,,,,,,
6829,千附精密,2026-06-10 23:13:55,False,,,,,,,,,,,
6803,崑鼎,2026-06-10 23:13:55,False,,,,,,,,,,,
6804,明係,2026-06-10 23:13:55,False,,,,,,,,,,,
6841,長佳智能,2026-06-10 23:13:55,False,,,,,,,,,,,
6844,諾貝兒,2026-06-10 23:13:55,False,,,,,,,,,,,
6843,進典,2026-06-10 23:13:55,False,,,,,,,,,,,
6846,綠茵,2026-06-10 23:13:55,False,,,,,,,,,,,
6840,東研信超,2026-06-10 23:13:55,False,,,,,,,,,,,
6870,騰雲,2026-06-10 23:13:55,False,,,,,,,,,,,
6855,數泓科,2026-06-10 23:13:55,False,,,,,,,,,,,
6872,浩宇生醫,2026-06-10 23:13:55,False,,,,,,,,,,,
6865,偉康科技,2026-06-10 23:13:55,False,,,,,,,,,,,
6856,鑫傳,2026-06-10 23:13:55,False,,,,,,,,,,,
6877,鏵友益,2026-06-10 23:13:55,False,,,,,,,,,,,
6875,國邑*,2026-06-10 23:13:55,False,,,,,,,,,,,
6874,倍力,2026-06-10 23:13:55,False,,,,,,,,,,,
6881,潤德,2026-06-10 23:13:55,False,,,,,,,,,,,
6884,海柏特,2026-06-10 23:13:55,False,,,,,,,,,,,
6895,宏碩系統,2026-06-10 23:13:55,False,,,,,,,,,,,
6904,伯鑫,2026-06-10 23:13:55,False,,,,,,,,,,,
6899,創為精密,2026-06-10 23:13:55,False,,,,,,,,,,,
6894,衛司特,2026-06-10 23:13:55,False,,,,,,,,,,,
6859,伯特光,2026-06-10 23:13:55,False,,,,,,,,,,,
6903,巨漢,2026-06-10 23:13:55,False,,,,,,,,,,,
6907,雅特力-KY,2026-06-10 23:13:55,False,,,,,,,,,,,
6922,宸曜,2026-06-10 23:13:55,False,,,,,,,,,,,
6925,意藍,2026-06-10 23:13:55,False,,,,,,,,,,,
6910,德鴻,2026-06-10 23:13:55,False,,,,,,,,,,,
6913,鴻呈,2026-06-10 23:13:55,False,,,,,,,,,,,
6945,圓祥生技,2026-06-10 23:13:55,False,,,,,,,,,,,
6929,佑全,2026-06-10 23:13:55,False,,,,,,,,,,,
6961,旅天下,2026-06-10 23:13:55,False,,,,,,,,,,,
6968,萬達寵物,2026-06-10 23:13:55,False,,,,,,,,,,,
6953,家碩,2026-06-10 23:13:55,False,,,,,,,,,,,
6967,汎瑋材料,2026-06-10 23:13:55,False,,,,,,,,,,,
6996,力領科技,2026-06-10 23:13:55,False,,,,,,,,,,,
6997,博弘,2026-06-10 23:13:55,False,,,,,,,,,,,
6983,華洋精機,2026-06-10 23:13:55,False,,,,,,,,,,,
6982,大井泵浦,2026-06-10 23:13:55,False,,,,,,,,,,,
6971,惠民實業,2026-06-10 23:13:55,False,,,,,,,,,,,
7547,碩網,2026-06-10 23:13:55,False,,,,,,,,,,,
7556,意德士,2026-06-10 23:13:55,False,,,,,,,,,,,
7704,明遠精密,2026-06-10 23:13:55,False,,,,,,,,,,,
7584,樂意,2026-06-10 23:13:55,False,,,,,,,,,,,
7402,邑錡,2026-06-10 23:13:55,False,,,,,,,,,,,
7642,昶瑞機電,2026-06-10 23:13:55,False,,,,,,,,,,,
7703,銳澤,2026-06-10 23:13:55,False,,,,,,,,,,,
7709,榮田,2026-06-10 23:13:55,False,,,,,,,,,,,
7712,博盛半導體,2026-06-10 23:13:55,False,,,,,,,,,,,
7708,全家餐飲,2026-06-10 23:13:55,False,,,,,,,,,,,
7715,裕山,2026-06-10 23:13:55,False,,,,,,,,,,,
7713,威力德生醫,2026-06-10 23:13:55,False,,,,,,,,,,,
7728,光焱科技,2026-06-10 23:13:55,False,,,,,,,,,,,
7734,印能科技,2026-06-10 23:13:55,False,,,,,,,,,,,
7714,創泓科技,2026-06-10 23:13:55,False,,,,,,,,,,,
7717,萊德光電-KY,2026-06-10 23:13:55,False,,,,,,,,,,,
7716,昱臺國際,2026-06-10 23:13:55,False,,,,,,,,,,,
7718,友鋮,2026-06-10 23:13:55,False,,,,,,,,,,,
7723,築間,2026-06-10 23:13:55,False,,,,,,,,,,,
7743,金利食安,2026-06-10 23:13:55,False,,,,,,,,,,,
7738,東聯互動,2026-06-10 23:13:55,False,,,,,,,,,,,
7753,星亞,2026-06-10 23:13:55,False,,,,,,,,,,,
7747,昕奇雲端,2026-06-10 23:13:55,False,,,,,,,,,,,
7751,竑騰,2026-06-10 23:13:55,False,,,,,,,,,,,
7744,崴寶,2026-06-10 23:13:55,False,,,,,,,,,,,
7757,金色三麥,2026-06-10 23:13:55,False,,,,,,,,,,,
7767,仁大資訊,2026-06-10 23:13:55,False,,,,,,,,,,,
7782,光速火箭,2026-06-10 23:13:55,False,,,,,,,,,,,
7777,能率亞洲,2026-06-10 23:13:55,False,,,,,,,,,,,
7772,耀穎,2026-06-10 23:13:55,False,,,,,,,,,,,
7770,君曜,2026-06-10 23:13:55,False,,,,,,,,,,,
7805,威聯通,2026-06-10 23:13:55,False,,,,,,,,,,,
7811,民盛,2026-06-10 23:13:55,False,,,,,,,,,,,
7792,安葆,2026-06-10 23:13:55,False,,,,,,,,,,,
7819,精誠金融,2026-06-10 23:13:55,False,,,,,,,,,,,
7794,宏�硒撥s,2026-06-10 23:13:55,False,,,,,,,,,,,
7810,捷創科技,2026-06-10 23:13:55,False,,,,,,,,,,,
7828,創新服務,2026-06-10 23:13:55,False,,,,,,,,,,,
8032,光菱,2026-06-10 23:13:55,False,,,,,,,,,,,
8027,鈦昇,2026-06-10 23:13:55,False,,,,,,,,,,,
7820,立盈,2026-06-10 23:13:55,False,,,,,,,,,,,
7842,天能綠電,2026-06-10 23:13:55,False,,,,,,,,,,,
8024,佑華,2026-06-10 23:13:55,False,,,,,,,,,,,
8042,金山電,2026-06-10 23:13:55,False,,,,,,,,,,,
8038,長園科,2026-06-10 23:13:55,False,,,,,,,,,,,
8034,榮群,2026-06-10 23:13:55,False,,,,,,,,,,,
8040,九暘,2026-06-10 23:13:55,False,,,,,,,,,,,
8043,蜜望實,2026-06-10 23:13:55,False,,,,,,,,,,,
8044,網家,2026-06-10 23:13:55,False,,,,,,,,,,,
8054,安國,2026-06-10 23:13:55,False,,,,,,,,,,,
8048,德勝,2026-06-10 23:13:55,False,,,,,,,,,,,
8047,星雲,2026-06-10 23:13:55,False,,,,,,,,,,,
8050,廣積,2026-06-10 23:13:55,False,,,,,,,,,,,
8049,晶采,2026-06-10 23:13:55,False,,,,,,,,,,,
8059,凱碩,2026-06-10 23:13:55,False,,,,,,,,,,,
8064,東捷,2026-06-10 23:13:55,False,,,,,,,,,,,
8069,元太,2026-06-10 23:13:55,False,,,,,,,,,,,
8067,志旭,2026-06-10 23:13:55,False,,,,,,,,,,,
8066,來思達,2026-06-10 23:13:55,False,,,,,,,,,,,
8068,全達,2026-06-10 23:13:55,False,,,,,,,,,,,
8077,洛��,2026-06-10 23:13:55,False,,,,,,,,,,,
8074,鉅橡,2026-06-10 23:13:55,False,,,,,,,,,,,
8071,能率網通,2026-06-10 23:13:55,False,,,,,,,,,,,
8080,泰霖,2026-06-10 23:13:55,False,,,,,,,,,,,
8076,伍豐,2026-06-10 23:13:55,False,,,,,,,,,,,
8085,福華,2026-06-10 23:13:55,False,,,,,,,,,,,
8083,瑞穎,2026-06-10 23:13:55,False,,,,,,,,,,,
8086,宏捷科,2026-06-10 23:13:55,False,,,,,,,,,,,
8084,巨虹,2026-06-10 23:13:55,False,,,,,,,,,,,
8087,麗升能源,2026-06-10 23:13:55,False,,,,,,,,,,,
8088,品安,2026-06-10 23:13:55,False,,,,,,,,,,,
8092,建暐,2026-06-10 23:13:55,False,,,,,,,,,,,
8093,保銳,2026-06-10 23:13:55,False,,,,,,,,,,,
8089,康全電訊,2026-06-10 23:13:55,False,,,,,,,,,,,
8091,翔名,2026-06-10 23:13:55,False,,,,,,,,,,,
8096,擎亞,2026-06-10 23:13:55,False,,,,,,,,,,,
8102,傑霖科技,2026-06-10 23:13:55,False,,,,,,,,,,,
8099,大世科,2026-06-10 23:13:55,False,,,,,,,,,,,
8107,大億金茂,2026-06-10 23:13:55,False,,,,,,,,,,,
8097,常珵,2026-06-10 23:13:55,False,,,,,,,,,,,
8111,立��,2026-06-10 23:13:55,False,,,,,,,,,,,
8109,博大,2026-06-10 23:13:55,False,,,,,,,,,,,
8155,博智,2026-06-10 23:13:55,False,,,,,,,,,,,
8176,智捷,2026-06-10 23:13:55,False,,,,,,,,,,,
8171,天宇,2026-06-10 23:13:55,False,,,,,,,,,,,
8147,正淩,2026-06-10 23:13:55,False,,,,,,,,,,,
8121,越峰,2026-06-10 23:13:55,False,,,,,,,,,,,
8183,精星,2026-06-10 23:13:55,False,,,,,,,,,,,
8255,朋程,2026-06-10 23:13:55,False,,,,,,,,,,,
8234,新漢,2026-06-10 23:13:55,False,,,,,,,,,,,
8227,巨有科技,2026-06-10 23:13:55,False,,,,,,,,,,,
8240,華宏,2026-06-10 23:13:55,False,,,,,,,,,,,
8182,加高,2026-06-10 23:13:55,False,,,,,,,,,,,
8272,全景軟體,2026-06-10 23:13:55,False,,,,,,,,,,,
8277,商丞,2026-06-10 23:13:55,False,,,,,,,,,,,
8279,生展,2026-06-10 23:13:55,False,,,,,,,,,,,
8289,泰藝,2026-06-10 23:13:55,False,,,,,,,,,,,
8284,三竹,2026-06-10 23:13:55,False,,,,,,,,,,,
8342,益張,2026-06-10 23:13:55,False,,,,,,,,,,,
8291,尚茂,2026-06-10 23:13:55,False,,,,,,,,,,,
8358,金居,2026-06-10 23:13:55,False,,,,,,,,,,,
8299,群聯,2026-06-10 23:13:55,False,,,,,,,,,,,
8349,�矬�,2026-06-10 23:13:55,False,,,,,,,,,,,
8354,冠好,2026-06-10 23:13:55,False,,,,,,,,,,,
8383,千附,2026-06-10 23:13:55,False,,,,,,,,,,,
8390,金益鼎,2026-06-10 23:13:55,False,,,,,,,,,,,
8401,白紗科,2026-06-10 23:13:55,False,,,,,,,,,,,
8409,商之器,2026-06-10 23:13:55,False,,,,,,,,,,,
8403,盛弘,2026-06-10 23:13:55,False,,,,,,,,,,,
8421,旭源,2026-06-10 23:13:55,False,,,,,,,,,,,
8424,惠普,2026-06-10 23:13:55,False,,,,,,,,,,,
8416,實威,2026-06-10 23:13:55,False,,,,,,,,,,,
8423,保綠-KY,2026-06-10 23:13:55,False,,,,,,,,,,,
8415,大國鋼,2026-06-10 23:13:55,False,,,,,,,,,,,
8410,森田,2026-06-10 23:13:55,False,,,,,,,,,,,
8426,紅木-KY,2026-06-10 23:13:55,False,,,,,,,,,,,
8432,東生華,2026-06-10 23:13:55,False,,,,,,,,,,,
8433,弘帆,2026-06-10 23:13:55,False,,,,,,,,,,,
8431,匯鑽科,2026-06-10 23:13:55,False,,,,,,,,,,,
8435,鉅邁,2026-06-10 23:13:55,False,,,,,,,,,,,
8436,大江,2026-06-10 23:13:55,False,,,,,,,,,,,
8450,霹靂,2026-06-10 23:13:55,False,,,,,,,,,,,
8446,華研,2026-06-10 23:13:55,False,,,,,,,,,,,
8437,大地-KY,2026-06-10 23:13:55,False,,,,,,,,,,,
8444,綠河-KY,2026-06-10 23:13:55,False,,,,,,,,,,,
8440,綠電,2026-06-10 23:13:55,False,,,,,,,,,,,
8905,裕國,2026-06-10 23:13:56,False,,,,,,,,,,,
8455,大拓-KY,2026-06-10 23:13:55,False,,,,,,,,,,,
8477,創業家,2026-06-10 23:13:56,False,,,,,,,,,,,
8489,三貝德,2026-06-10 23:13:56,False,,,,,,,,,,,
8472,夠麻吉,2026-06-10 23:13:55,False,,,,,,,,,,,
8908,欣雄,2026-06-10 23:13:56,False,,,,,,,,,,,
8917,欣泰,2026-06-10 23:13:56,False,,,,,,,,,,,
8906,花王,2026-06-10 23:13:56,False,,,,,,,,,,,
8916,光隆,2026-06-10 23:13:56,False,,,,,,,,,,,
8923,時報,2026-06-10 23:13:56,False,,,,,,,,,,,
8921,沈氏,2026-06-10 23:13:56,False,,,,,,,,,,,
8930,青鋼,2026-06-10 23:13:56,False,,,,,,,,,,,
8932,智通*,2026-06-10 23:13:56,False,,,,,,,,,,,
8931,大汽電,2026-06-10 23:13:56,False,,,,,,,,,,,
8924,大田,2026-06-10 23:13:56,False,,,,,,,,,,,
8929,富堡,2026-06-10 23:13:56,False,,,,,,,,,,,
8927,北基,2026-06-10 23:13:56,False,,,,,,,,,,,
8928,鉅明,2026-06-10 23:13:56,False,,,,,,,,,,,
8937,合騏*,2026-06-10 23:13:56,False,,,,,,,,,,,
8933,愛地雅,2026-06-10 23:13:56,False,,,,,,,,,,,
8938,明安,2026-06-10 23:13:56,False,,,,,,,,,,,
8935,邦泰,2026-06-10 23:13:56,False,,,,,,,,,,,
8936,國統,2026-06-10 23:13:56,False,,,,,,,,,,,
8942,森鉅,2026-06-10 23:13:56,False,,,,,,,,,,,
8941,關中,2026-06-10 23:13:56,False,,,,,,,,,,,
9949,琉園,2026-06-10 23:13:56,False,,,,,,,,,,,
9960,邁達康,2026-06-10 23:13:56,False,,,,,,,,,,,
9951,皇田,2026-06-10 23:13:56,False,,,,,,,,,,,
9950,萬國通,2026-06-10 23:13:56,False,,,,,,,,,,,
9962,有益,2026-06-10 23:13:56,False,,,,,,,,,,,
